Naering,Kjonn,ContentsCode,Aar,1106_15-74,1106_55-66,1106_67-74,1135_15-74,1135_55-66,1135_67-74,1145_15-74,1145_55-66,1145_67-74,1146_15-74,1146_55-66,1146_67-74,1149_15-74,1149_55-66,1149_67-74,1151_15-74,1151_55-66,1151_67-74,1160_15-74,1160_55-66,1160_67-74
00-99,0,SysselsatteArb,2008,21322,3574,321,2136,433,45,297,66,3,4048,607,92,15194,2549,254,111,24,0,4422,771,128
00-99,0,SysselsatteArb,2009,21160,3584,350,2176,434,45,296,71,0,4160,624,104,14666,2583,273,105,23,0,4450,767,141
00-99,0,SysselsatteArb,2010,21233,3694,369,2180,454,40,291,63,7,4232,641,90,14591,2566,265,105,22,3,4544,798,138
00-99,0,SysselsatteArb,2011,21734,3779,404,2131,467,41,293,60,7,4475,692,102,14781,2575,290,114,25,6,4748,835,140
00-99,0,SysselsatteArb,2012,21986,3897,423,2100,462,38,317,64,10,4423,706,130,14989,2629,313,108,33,0,4785,848,140
00-99,0,SysselsatteArb,2013,22143,3888,460,2048,456,43,327,65,16,4281,735,120,15239,2762,340,103,29,3,4870,864,162
00-99,0,SysselsatteArb,2014,22190,3939,468,2073,480,38,327,58,19,4329,748,129,15457,2778,358,105,23,6,5037,911,157
00-99,0,SysselsatteArb,2015,21328,3898,420,1977,466,40,301,67,10,4304,749,127,15066,2726,342,96,19,9,4971,923,153
00-99,0,SysselsatteArb,2016,21056,3867,440,1951,453,44,306,51,22,4314,779,118,15287,2731,356,94,30,3,4915,911,171
00-99,0,SysselsatteArb,2017,21372,3900,483,1956,457,33,311,54,16,4576,836,118,15728,2754,364,99,21,6,4915,927,193
00-99,0,SysselsatteArb,2018,21346,3854,476,1937,459,42,291,53,13,4620,844,105,15866,2732,373,90,27,6,4814,937,185
00-99,0,SysselsatteArb,2019,21429,3844,475,1945,462,41,327,63,21,4710,883,116,15978,2834,384,88,24,6,4818,944,197
00-99,0,SysselsatteArb,2020,20852,3750,433,1970,467,42,323,61,13,4773,917,99,16059,2900,386,96,31,3,4898,981,186
01-03,0,SysselsatteArb,2008,74,15,5,36,12,3,51,11,3,298,77,37,472,120,55,9,3,0,678,143,57
01-03,0,SysselsatteArb,2009,67,15,6,43,12,6,59,11,0,282,72,43,462,115,56,6,3,0,658,126,65
01-03,0,SysselsatteArb,2010,72,14,8,36,11,3,54,3,4,270,69,30,447,98,56,9,3,0,649,121,62
01-03,0,SysselsatteArb,2011,66,12,9,36,7,7,67,8,4,239,66,30,378,97,44,9,3,0,684,125,64
01-03,0,SysselsatteArb,2012,69,15,10,39,7,7,52,6,4,219,66,40,369,84,59,6,0,0,623,103,70
01-03,0,SysselsatteArb,2013,71,11,11,36,5,9,57,6,4,209,51,40,357,85,56,3,0,0,571,98,66
01-03,0,SysselsatteArb,2014,70,16,13,33,5,8,49,5,6,190,45,36,337,87,51,6,3,0,571,89,60
01-03,0,SysselsatteArb,2015,80,16,10,25,3,3,56,8,7,196,50,34,340,89,53,6,3,0,627,98,57
01-03,0,SysselsatteArb,2016,67,12,9,26,7,3,61,6,10,194,52,36,367,80,54,6,0,0,633,97,62
01-03,0,SysselsatteArb,2017,70,15,8,21,3,3,74,6,9,186,45,34,347,81,53,6,0,0,625,97,67
01-03,0,SysselsatteArb,2018,65,16,5,28,7,4,65,6,7,182,37,31,358,79,45,6,3,0,608,115,60
01-03,0,SysselsatteArb,2019,89,16,6,30,7,4,67,9,6,192,38,32,329,84,39,6,3,3,567,103,58
01-03,0,SysselsatteArb,2020,83,14,6,26,7,3,67,10,3,204,43,33,338,82,54,6,3,0,578,108,55
05-09,0,SysselsatteArb,2008,452,24,0,0,0,0,0,0,0,825,90,3,55,15,3,0,0,0,6,3,0
05-09,0,SysselsatteArb,2009,455,24,0,0,0,0,0,0,0,872,72,0,134,14,3,0,0,0,6,3,0
05-09,0,SysselsatteArb,2010,318,23,3,0,0,0,0,0,0,866,83,0,161,16,0,0,0,0,3,0,0
05-09,0,SysselsatteArb,2011,335,29,0,0,0,0,0,0,0,850,98,0,172,14,3,0,0,0,3,0,0
05-09,0,SysselsatteArb,2012,379,32,0,0,0,0,0,0,0,909,109,0,187,15,3,0,0,0,3,3,0
05-09,0,SysselsatteArb,2013,404,28,3,0,0,0,0,0,0,859,124,0,209,24,3,0,0,0,0,0,0
05-09,0,SysselsatteArb,2014,416,34,0,0,0,0,0,0,0,852,126,0,246,29,0,0,0,0,7,7,0
05-09,0,SysselsatteArb,2015,417,35,0,0,0,0,0,0,0,820,120,0,194,20,0,0,0,0,3,0,0
05-09,0,SysselsatteArb,2016,369,40,0,0,0,0,0,0,0,790,135,0,196,21,0,0,0,0,3,0,0
05-09,0,SysselsatteArb,2017,402,45,0,0,0,0,0,0,0,797,156,0,263,28,0,0,0,0,3,0,0
05-09,0,SysselsatteArb,2018,655,74,0,0,0,0,0,0,0,759,160,0,300,28,3,0,0,0,3,0,0
05-09,0,SysselsatteArb,2019,685,81,0,0,0,0,0,0,0,757,171,3,307,31,3,0,0,0,3,0,0
05-09,0,SysselsatteArb,2020,694,86,6,0,0,0,0,0,0,NA,NA,NA,291,29,3,0,0,0,NA,NA,NA
10-33,0,SysselsatteArb,2008,2572,406,22,468,101,3,41,9,0,268,30,5,3357,553,34,0,0,0,785,111,7
10-33,0,SysselsatteArb,2009,2570,400,19,429,101,0,40,8,0,270,34,4,2806,522,34,3,0,0,852,113,11
10-33,0,SysselsatteArb,2010,2486,392,18,414,109,0,31,7,0,252,33,6,2571,486,37,0,0,0,901,116,12
10-33,0,SysselsatteArb,2011,2600,392,24,395,111,0,31,4,0,252,36,8,2475,482,35,0,0,0,942,134,9
10-33,0,SysselsatteArb,2012,2766,383,20,394,113,0,51,7,0,257,42,11,2408,494,35,3,0,0,974,142,6
10-33,0,SysselsatteArb,2013,2805,390,16,401,113,0,54,8,0,241,45,9,2367,468,36,0,0,0,1009,148,11
10-33,0,SysselsatteArb,2014,2682,395,21,408,114,3,54,8,0,220,38,9,2353,441,32,0,0,0,1050,163,12
10-33,0,SysselsatteArb,2015,2371,355,18,383,112,3,36,5,0,320,40,7,2302,431,30,0,0,0,1098,177,18
10-33,0,SysselsatteArb,2016,2196,316,12,345,107,0,43,3,0,390,52,3,2313,451,29,0,0,0,1035,187,17
10-33,0,SysselsatteArb,2017,2110,327,18,345,107,0,37,5,0,476,65,8,2426,457,26,0,0,0,985,184,14
10-33,0,SysselsatteArb,2018,2128,355,13,342,106,5,43,8,0,628,84,4,2419,463,27,0,0,0,828,186,11
10-33,0,SysselsatteArb,2019,2171,387,8,360,103,3,52,11,3,617,87,6,2476,486,35,0,0,0,887,191,19
10-33,0,SysselsatteArb,2020,2220,409,17,367,107,3,63,14,3,631,105,8,2470,482,28,0,0,0,887,189,17
35-39,0,SysselsatteArb,2008,267,69,0,113,27,0,0,0,0,51,6,0,120,20,0,0,0,0,94,14,3
35-39,0,SysselsatteArb,2009,286,71,3,121,31,0,0,0,0,54,9,0,101,21,0,0,0,0,88,14,3
35-39,0,SysselsatteArb,2010,313,71,5,120,32,0,0,0,0,60,9,0,102,17,0,0,0,0,80,17,3
35-39,0,SysselsatteArb,2011,325,71,6,124,35,3,0,0,0,67,10,0,105,19,0,0,0,0,76,16,0
35-39,0,SysselsatteArb,2012,335,71,6,138,37,0,0,0,0,61,9,0,107,23,0,0,0,0,74,15,0
35-39,0,SysselsatteArb,2013,343,65,5,125,39,3,0,0,0,60,9,0,128,23,3,0,0,0,129,18,3
35-39,0,SysselsatteArb,2014,348,61,3,127,42,0,0,0,0,61,12,0,112,24,0,0,0,0,86,15,0
35-39,0,SysselsatteArb,2015,347,76,3,123,37,0,0,0,0,31,7,0,105,20,3,0,0,0,43,8,0
35-39,0,SysselsatteArb,2016,375,86,3,131,38,0,0,0,0,31,12,0,110,21,0,0,0,0,65,13,0
35-39,0,SysselsatteArb,2017,379,91,4,127,37,0,0,0,0,28,13,0,109,22,0,0,0,0,92,18,3
35-39,0,SysselsatteArb,2018,372,92,6,129,37,0,0,0,0,25,7,0,114,22,3,0,0,0,76,15,3
35-39,0,SysselsatteArb,2019,416,100,6,126,42,3,0,0,0,23,6,0,123,24,0,0,0,0,101,21,0
35-39,0,SysselsatteArb,2020,425,96,7,140,51,3,0,0,0,NA,NA,NA,133,24,0,0,0,0,101,22,0
41-43,0,SysselsatteArb,2008,1263,162,22,176,25,3,11,3,0,346,24,7,1472,172,18,9,3,0,444,70,10
41-43,0,SysselsatteArb,2009,1296,166,19,180,25,3,8,3,0,385,33,6,1442,187,18,11,4,0,473,75,11
41-43,0,SysselsatteArb,2010,1226,168,21,177,23,0,7,3,0,394,39,3,1532,192,15,10,3,0,482,80,8
41-43,0,SysselsatteArb,2011,1273,161,23,179,23,3,8,3,0,663,46,5,1682,207,22,9,3,0,484,79,13
41-43,0,SysselsatteArb,2012,1211,172,24,190,22,4,8,3,0,480,45,9,1775,216,20,7,3,0,448,84,15
41-43,0,SysselsatteArb,2013,1340,183,27,195,23,9,11,3,3,466,47,8,1876,236,25,13,3,3,465,88,10
41-43,0,SysselsatteArb,2014,1294,196,26,195,27,4,11,0,4,450,40,10,1907,243,29,10,4,0,501,92,9
41-43,0,SysselsatteArb,2015,1240,199,23,197,31,4,16,3,3,469,55,12,1811,245,21,12,3,3,511,91,10
41-43,0,SysselsatteArb,2016,1179,204,24,207,31,4,13,4,3,467,51,10,1808,250,23,9,3,0,504,94,14
41-43,0,SysselsatteArb,2017,1197,207,22,219,36,6,13,4,3,485,58,13,1907,246,31,6,0,0,544,99,21
41-43,0,SysselsatteArb,2018,1252,200,20,210,37,6,12,3,3,500,55,18,1807,255,24,9,3,0,569,93,18
41-43,0,SysselsatteArb,2019,1081,185,25,198,39,4,9,3,0,549,65,17,1891,273,28,3,0,0,555,87,25
41-43,0,SysselsatteArb,2020,1002,174,20,206,45,3,9,3,3,510,68,13,1920,304,28,6,3,0,638,91,33
45-47,0,SysselsatteArb,2008,3945,492,36,183,23,3,12,3,0,362,52,7,2026,266,31,3,0,0,494,65,6
45-47,0,SysselsatteArb,2009,3810,487,51,189,24,0,13,7,0,363,58,9,1968,264,38,3,0,0,447,59,10
45-47,0,SysselsatteArb,2010,3793,487,57,205,29,3,13,7,0,390,54,8,2080,267,39,6,0,0,437,61,6
45-47,0,SysselsatteArb,2011,3814,490,58,189,28,0,15,6,0,390,57,8,2149,261,40,6,0,0,467,67,10
45-47,0,SysselsatteArb,2012,3712,500,67,202,31,3,19,4,3,434,59,11,2144,269,40,6,3,0,510,74,11
45-47,0,SysselsatteArb,2013,3670,502,67,182,33,0,13,4,0,415,66,7,2030,283,35,3,3,0,506,73,12
45-47,0,SysselsatteArb,2014,3642,506,73,173,28,0,16,7,0,443,80,10,2005,289,37,3,0,0,497,71,9
45-47,0,SysselsatteArb,2015,3295,449,52,170,33,0,15,6,0,438,79,7,1983,290,38,3,0,0,462,76,8
45-47,0,SysselsatteArb,2016,3233,459,57,168,27,3,15,3,3,445,81,7,2001,285,32,6,0,0,450,78,5
45-47,0,SysselsatteArb,2017,3235,464,63,164,28,0,12,3,0,454,79,7,1991,281,36,6,3,0,483,85,11
45-47,0,SysselsatteArb,2018,3176,475,56,171,26,3,9,0,0,451,85,7,1951,279,34,3,0,0,515,94,9
45-47,0,SysselsatteArb,2019,3006,445,50,158,29,3,10,3,0,445,86,4,1939,311,28,9,0,0,490,93,16
45-47,0,SysselsatteArb,2020,2879,426,42,158,26,3,12,6,0,431,83,4,2020,340,34,NA,NA,NA,475,96,13
49-53,0,SysselsatteArb,2008,1261,281,32,82,22,4,35,6,0,191,38,3,1402,247,32,26,4,0,213,53,8
49-53,0,SysselsatteArb,2009,1249,277,31,82,22,3,27,3,0,181,31,6,1388,257,26,22,0,0,194,53,8
49-53,0,SysselsatteArb,2010,1141,280,36,85,19,3,28,3,0,135,17,5,1424,281,27,22,0,0,207,56,10
49-53,0,SysselsatteArb,2011,1174,299,49,93,26,3,21,3,0,137,19,4,1346,258,29,24,3,0,201,55,12
49-53,0,SysselsatteArb,2012,1211,304,52,90,26,3,20,3,0,127,17,6,1365,264,35,20,3,0,195,54,10
49-53,0,SysselsatteArb,2013,1046,249,63,70,17,3,24,6,0,130,25,0,1470,325,39,19,4,0,225,60,17
49-53,0,SysselsatteArb,2014,1069,244,64,66,18,0,27,3,3,137,28,0,1495,318,45,21,3,0,231,66,21
49-53,0,SysselsatteArb,2015,1067,251,56,64,16,3,26,9,0,135,27,4,1441,324,18,18,3,0,315,64,17
49-53,0,SysselsatteArb,2016,1001,229,48,67,16,3,30,9,0,109,26,3,1362,307,22,19,3,0,309,55,18
49-53,0,SysselsatteArb,2017,996,228,53,77,17,3,32,13,0,216,38,3,1407,312,27,20,3,0,304,57,22
49-53,0,SysselsatteArb,2018,999,215,52,69,19,3,27,12,0,105,21,3,1431,304,37,17,3,0,288,47,23
49-53,0,SysselsatteArb,2019,993,216,48,70,17,3,33,12,0,92,19,3,1430,320,41,20,6,0,269,51,19
49-53,0,SysselsatteArb,2020,820,163,21,75,20,3,31,9,0,178,40,6,1443,357,52,25,3,0,259,46,21
55-56,0,SysselsatteArb,2008,863,61,3,50,3,0,9,3,0,156,14,0,267,12,3,9,3,0,84,8,0
55-56,0,SysselsatteArb,2009,774,63,6,52,3,0,6,0,0,163,19,3,255,14,3,3,0,0,120,10,0
55-56,0,SysselsatteArb,2010,838,64,9,59,4,0,0,0,0,181,21,3,257,21,3,6,3,0,115,13,3
55-56,0,SysselsatteArb,2011,833,62,9,56,7,0,0,0,0,124,18,3,281,18,7,3,0,3,141,9,3
55-56,0,SysselsatteArb,2012,871,68,11,41,6,0,3,0,0,136,16,3,285,19,5,3,0,0,106,11,0
55-56,0,SysselsatteArb,2013,939,69,10,46,3,0,3,0,0,126,11,3,336,21,8,7,0,0,71,9,0
55-56,0,SysselsatteArb,2014,965,69,6,42,0,0,0,0,0,134,12,3,343,28,7,6,3,0,69,9,0
55-56,0,SysselsatteArb,2015,827,63,9,48,3,0,3,0,0,89,9,3,259,22,6,3,0,3,19,3,0
55-56,0,SysselsatteArb,2016,908,64,8,44,3,0,3,0,0,92,10,3,265,21,3,0,0,0,23,3,0
55-56,0,SysselsatteArb,2017,924,73,8,55,3,0,3,0,0,92,10,0,265,21,6,3,0,0,21,3,0
55-56,0,SysselsatteArb,2018,880,68,7,57,7,0,3,0,0,81,10,0,315,25,3,3,0,3,19,3,0
55-56,0,SysselsatteArb,2019,898,69,9,59,6,0,0,0,0,88,10,0,280,22,3,0,0,0,23,3,0
55-56,0,SysselsatteArb,2020,751,58,6,33,3,0,0,0,0,80,7,3,269,25,4,0,0,0,41,7,0
58-63,0,SysselsatteArb,2008,405,69,4,18,3,0,0,0,0,11,0,0,136,15,0,0,0,0,168,3,3
58-63,0,SysselsatteArb,2009,400,69,7,18,3,0,0,0,0,12,3,0,146,11,3,0,0,0,161,9,0
58-63,0,SysselsatteArb,2010,429,75,6,14,0,0,0,0,0,104,20,3,157,12,3,0,0,0,171,20,0
58-63,0,SysselsatteArb,2011,439,69,6,14,0,0,0,0,0,105,18,5,133,13,3,0,0,0,209,30,0
58-63,0,SysselsatteArb,2012,450,63,6,14,0,0,0,0,0,117,23,3,160,12,3,0,0,0,199,18,0
58-63,0,SysselsatteArb,2013,458,66,5,18,0,0,0,0,0,100,21,3,158,15,3,0,0,0,191,20,0
58-63,0,SysselsatteArb,2014,477,69,3,21,3,0,3,0,0,88,21,0,135,12,3,0,0,0,144,17,0
58-63,0,SysselsatteArb,2015,463,65,3,24,3,0,3,0,0,50,6,0,141,12,3,0,0,0,182,30,0
58-63,0,SysselsatteArb,2016,474,66,3,11,0,0,0,0,0,40,6,3,155,12,3,0,0,0,208,28,0
58-63,0,SysselsatteArb,2017,483,78,3,12,3,0,0,0,0,62,16,0,163,17,3,0,0,0,127,21,3
58-63,0,SysselsatteArb,2018,530,72,4,12,3,0,3,0,0,60,17,0,180,17,0,0,0,0,135,24,3
58-63,0,SysselsatteArb,2019,577,84,7,15,3,0,3,0,0,101,26,3,186,15,3,0,0,0,145,18,0
58-63,0,SysselsatteArb,2020,604,83,8,13,0,0,NA,NA,NA,115,28,3,194,13,0,0,0,0,149,18,0
64-66,0,SysselsatteArb,2008,286,115,6,20,3,3,0,0,0,13,3,0,117,29,3,0,0,0,20,8,0
64-66,0,SysselsatteArb,2009,281,107,3,11,3,0,0,0,0,6,0,0,110,27,0,0,0,0,25,8,0
64-66,0,SysselsatteArb,2010,260,101,3,15,6,0,0,0,0,9,0,0,114,29,0,0,0,0,19,5,0
64-66,0,SysselsatteArb,2011,244,95,3,17,6,0,0,0,0,12,3,0,99,31,3,0,0,0,15,5,0
64-66,0,SysselsatteArb,2012,234,102,3,13,3,0,0,0,0,13,3,0,100,27,0,0,0,0,16,7,0
64-66,0,SysselsatteArb,2013,219,94,3,12,3,0,0,0,0,10,3,0,97,26,0,0,0,0,16,7,0
64-66,0,SysselsatteArb,2014,219,97,0,3,0,0,0,0,0,7,3,0,81,23,0,0,0,0,16,7,0
64-66,0,SysselsatteArb,2015,220,92,0,3,0,0,0,0,0,9,3,0,75,23,0,0,0,0,17,4,0
64-66,0,SysselsatteArb,2016,202,83,7,6,0,0,0,0,0,10,3,0,77,28,0,0,0,0,12,3,0
64-66,0,SysselsatteArb,2017,193,76,8,3,0,0,0,0,0,10,3,0,72,20,0,0,0,0,17,7,0
64-66,0,SysselsatteArb,2018,178,70,5,3,0,0,0,0,0,10,3,0,67,20,0,0,0,0,15,6,0
64-66,0,SysselsatteArb,2019,172,60,0,3,0,0,0,0,0,10,3,0,64,18,0,0,0,0,16,3,3
64-66,0,SysselsatteArb,2020,166,56,3,NA,NA,NA,0,0,0,7,0,0,75,17,3,0,0,0,NA,NA,NA
68-75,0,SysselsatteArb,2008,995,202,11,31,8,3,3,0,0,63,9,3,420,78,10,0,0,0,117,15,8
68-75,0,SysselsatteArb,2009,1028,205,19,30,10,3,3,0,0,62,9,4,415,92,17,3,3,0,125,19,6
68-75,0,SysselsatteArb,2010,1207,237,21,35,13,3,6,0,0,76,12,3,416,102,16,3,3,0,122,23,9
68-75,0,SysselsatteArb,2011,1239,251,31,30,13,4,3,0,0,69,16,0,432,96,21,0,0,0,107,22,3
68-75,0,SysselsatteArb,2012,1284,255,34,28,8,3,3,0,0,72,20,3,414,86,25,3,3,0,119,20,5
68-75,0,SysselsatteArb,2013,1372,262,46,32,6,4,0,0,0,86,23,4,444,113,29,3,0,0,126,20,5
68-75,0,SysselsatteArb,2014,1391,250,49,37,13,5,0,0,0,96,26,6,495,118,35,0,0,0,210,28,9
68-75,0,SysselsatteArb,2015,1384,252,33,31,6,3,0,0,0,84,23,6,473,113,29,0,0,0,172,32,3
68-75,0,SysselsatteArb,2016,1332,236,45,31,6,3,3,0,0,151,29,10,448,106,31,3,3,0,136,26,11
68-75,0,SysselsatteArb,2017,1369,236,59,24,4,3,3,0,0,136,31,9,461,109,35,0,0,0,182,31,5
68-75,0,SysselsatteArb,2018,1202,217,61,28,5,3,0,0,0,169,35,8,462,96,39,0,0,0,187,34,5
68-75,0,SysselsatteArb,2019,1173,211,65,29,4,3,0,0,0,177,32,11,480,98,43,0,0,0,209,37,9
68-75,0,SysselsatteArb,2020,1098,204,49,33,8,3,NA,NA,NA,153,28,7,487,89,47,NA,NA,NA,216,41,7
77-82,0,SysselsatteArb,2008,1029,124,13,89,15,3,9,3,0,31,8,3,514,102,12,11,0,0,180,35,6
77-82,0,SysselsatteArb,2009,867,120,12,75,7,6,6,3,0,34,15,0,445,93,11,12,0,0,175,27,3
77-82,0,SysselsatteArb,2010,823,124,10,77,8,0,6,6,0,32,9,0,472,94,7,3,0,0,187,35,0
77-82,0,SysselsatteArb,2011,886,133,4,76,4,3,3,3,0,70,16,0,563,109,10,17,0,3,225,32,6
77-82,0,SysselsatteArb,2012,924,135,12,84,6,0,3,3,0,85,12,3,671,120,20,14,4,0,282,39,3
77-82,0,SysselsatteArb,2013,890,121,12,75,9,0,6,3,0,138,27,3,628,116,19,13,3,0,274,40,7
77-82,0,SysselsatteArb,2014,915,118,14,97,13,0,3,0,0,167,33,6,616,136,10,9,0,0,324,55,3
77-82,0,SysselsatteArb,2015,678,107,12,63,10,3,9,0,0,169,33,3,586,125,7,6,0,0,162,37,3
77-82,0,SysselsatteArb,2016,613,102,8,61,9,0,6,0,3,152,27,3,727,136,11,3,3,0,170,40,3
77-82,0,SysselsatteArb,2017,752,115,4,65,10,0,6,0,0,169,27,3,810,153,12,6,3,0,168,41,6
77-82,0,SysselsatteArb,2018,647,103,10,68,12,0,6,0,0,180,36,0,892,163,12,6,0,0,160,44,3
77-82,0,SysselsatteArb,2019,765,113,13,67,12,0,3,0,0,180,37,0,861,153,13,6,3,0,157,41,4
77-82,0,SysselsatteArb,2020,717,105,13,64,9,3,NA,NA,NA,202,44,0,883,150,10,3,0,0,163,47,8
84,0,SysselsatteArb,2008,927,216,12,83,18,0,14,4,0,143,42,3,394,84,3,10,3,0,158,49,3
84,0,SysselsatteArb,2009,968,200,6,94,24,0,15,4,0,153,38,3,367,81,6,6,0,0,151,44,6
84,0,SysselsatteArb,2010,1022,205,26,95,20,0,14,6,0,145,39,3,379,89,4,13,3,0,166,43,3
84,0,SysselsatteArb,2011,1020,211,27,105,20,0,21,10,3,163,38,7,390,94,10,7,3,0,177,46,6
84,0,SysselsatteArb,2012,1068,214,27,95,20,0,16,8,0,165,40,6,448,94,3,9,3,0,181,43,3
84,0,SysselsatteArb,2013,1094,226,20,93,24,0,18,8,3,160,40,3,466,107,3,6,3,0,186,42,8
84,0,SysselsatteArb,2014,1152,239,18,89,25,0,17,6,0,164,38,3,474,102,10,9,0,3,196,40,6
84,0,SysselsatteArb,2015,1080,246,10,89,21,3,15,7,0,134,36,4,427,98,9,9,3,0,184,36,3
84,0,SysselsatteArb,2016,1121,254,18,96,20,3,13,6,0,142,31,6,476,96,8,6,3,0,187,32,3
84,0,SysselsatteArb,2017,1114,235,14,94,20,0,16,6,0,134,29,5,469,94,8,6,3,0,184,28,5
84,0,SysselsatteArb,2018,1122,230,15,88,15,0,12,3,0,139,33,3,437,84,5,6,3,0,188,27,4
84,0,SysselsatteArb,2019,1276,247,14,86,16,3,21,6,3,129,36,0,476,92,6,6,0,3,194,37,6
84,0,SysselsatteArb,2020,1157,232,13,97,20,0,18,6,0,143,32,0,481,95,7,6,3,0,177,33,7
85,0,SysselsatteArb,2008,1422,369,38,209,59,0,32,7,0,353,87,3,1203,282,14,10,3,0,349,98,4
85,0,SysselsatteArb,2009,1535,382,41,224,57,8,39,9,0,386,92,6,1244,298,11,9,3,0,330,94,4
85,0,SysselsatteArb,2010,1632,404,44,232,57,9,42,5,0,387,97,3,1199,280,17,9,3,0,349,92,4
85,0,SysselsatteArb,2011,1637,406,44,231,64,3,45,5,0,392,101,8,1154,278,16,12,3,0,353,88,3
85,0,SysselsatteArb,2012,1721,425,48,222,66,3,33,9,0,406,102,7,1162,288,22,11,3,0,356,92,6
85,0,SysselsatteArb,2013,1709,406,57,214,59,0,33,9,0,353,88,7,1197,277,19,12,6,0,369,94,3
85,0,SysselsatteArb,2014,1733,418,71,225,68,0,35,10,0,353,80,10,1244,296,25,13,7,0,370,88,7
85,0,SysselsatteArb,2015,1680,404,38,216,64,0,28,7,0,342,85,11,1197,273,15,10,4,0,377,87,5
85,0,SysselsatteArb,2016,1764,425,39,221,63,3,34,6,0,338,89,7,1213,271,17,9,6,0,372,84,5
85,0,SysselsatteArb,2017,1771,413,41,201,61,0,29,6,0,342,84,5,1257,258,17,13,4,3,378,77,8
85,0,SysselsatteArb,2018,1743,397,44,209,59,3,26,8,0,348,84,3,1294,251,19,17,7,0,386,81,6
85,0,SysselsatteArb,2019,1716,380,46,208,54,3,26,5,0,340,77,4,1318,254,19,12,5,0,370,82,8
85,0,SysselsatteArb,2020,1720,376,41,215,52,3,23,5,0,345,82,0,1333,241,13,NA,NA,NA,385,91,3
86-88,0,SysselsatteArb,2008,4812,855,87,522,96,17,74,17,0,833,110,15,2771,462,21,21,5,0,563,80,7
86-88,0,SysselsatteArb,2009,4865,887,95,544,96,13,77,20,0,831,121,14,2885,489,27,24,7,0,577,100,11
86-88,0,SysselsatteArb,2010,4952,946,76,546,101,13,84,20,3,810,115,17,2807,494,17,24,4,3,575,93,9
86-88,0,SysselsatteArb,2011,5133,990,87,518,106,12,73,15,0,827,127,18,2950,510,27,24,7,0,599,110,7
86-88,0,SysselsatteArb,2012,5040,1038,85,474,102,8,97,18,0,818,122,18,2929,521,21,23,8,0,636,121,8
86-88,0,SysselsatteArb,2013,5057,1097,87,469,101,9,99,15,3,806,130,20,3002,538,36,21,7,0,662,123,17
86-88,0,SysselsatteArb,2014,5096,1110,75,510,108,12,100,16,3,842,138,24,3162,540,44,22,3,0,693,140,18
86-88,0,SysselsatteArb,2015,5395,1158,113,470,107,7,85,16,0,858,140,20,3151,520,56,23,0,3,694,146,17
86-88,0,SysselsatteArb,2016,5416,1144,120,470,107,13,76,14,0,802,143,13,3167,532,58,27,6,3,706,137,19
86-88,0,SysselsatteArb,2017,5513,1156,125,480,112,9,80,11,4,834,150,14,3197,543,51,24,5,3,704,146,17
86-88,0,SysselsatteArb,2018,5567,1131,131,452,107,6,76,10,3,834,141,13,3297,551,58,20,5,3,740,142,21
86-88,0,SysselsatteArb,2019,5608,1117,128,466,111,5,91,14,3,843,147,11,3280,556,63,20,7,0,742,147,12
86-88,0,SysselsatteArb,2020,5713,1137,130,473,104,5,82,8,4,844,142,8,3208,548,57,NA,NA,NA,730,157,9
90-99,0,SysselsatteArb,2008,675,93,19,46,11,3,3,0,0,85,14,3,371,61,7,3,0,0,49,9,3
90-99,0,SysselsatteArb,2009,627,92,20,75,10,3,3,3,0,84,14,3,404,67,12,3,3,0,51,7,3
90-99,0,SysselsatteArb,2010,628,83,16,52,13,3,3,3,0,93,15,6,372,53,14,0,0,0,49,13,3
90-99,0,SysselsatteArb,2011,636,87,16,56,12,3,3,3,0,91,16,3,384,58,12,3,3,0,46,13,4
90-99,0,SysselsatteArb,2012,630,96,18,65,10,4,6,3,0,97,16,4,370,66,8,3,3,0,46,16,3
90-99,0,SysselsatteArb,2013,650,100,19,69,13,6,6,3,3,100,16,7,371,68,14,3,0,0,50,18,3
90-99,0,SysselsatteArb,2014,646,98,22,37,12,3,6,3,0,102,19,9,356,61,19,6,0,3,56,18,3
90-99,0,SysselsatteArb,2015,658,91,18,43,13,3,6,3,0,96,11,5,416,69,20,3,0,0,61,21,3
90-99,0,SysselsatteArb,2016,683,111,18,46,11,3,3,0,0,105,13,3,437,72,16,3,0,0,59,22,4
90-99,0,SysselsatteArb,2017,740,110,26,46,12,0,3,0,0,108,14,3,426,67,15,6,0,0,58,23,0
90-99,0,SysselsatteArb,2018,716,107,26,55,12,3,6,3,0,108,16,6,403,59,22,3,3,0,59,22,3
90-99,0,SysselsatteArb,2019,703,106,30,55,13,4,9,0,6,129,27,12,409,62,20,3,0,0,55,20,3
90-99,0,SysselsatteArb,2020,713,113,25,53,12,4,3,0,0,111,24,3,407,70,17,3,0,0,50,16,3
00,0,SysselsatteArb,2008,74,21,11,10,7,0,3,0,0,19,3,0,97,31,8,0,0,0,20,7,3
00,0,SysselsatteArb,2009,82,19,12,9,6,0,0,0,0,22,4,3,94,31,8,0,0,0,17,6,0
00,0,SysselsatteArb,2010,93,20,10,18,9,3,3,0,0,28,9,0,101,35,10,0,0,0,32,10,6
00,0,SysselsatteArb,2011,80,21,8,12,5,0,3,0,0,24,7,3,88,30,8,0,0,0,19,4,0
00,0,SysselsatteArb,2012,81,24,0,11,5,3,6,0,3,27,5,6,95,31,14,0,0,0,17,6,0
00,0,SysselsatteArb,2013,76,19,9,11,8,0,3,0,0,22,9,6,103,37,12,0,0,0,20,6,0
00,0,SysselsatteArb,2014,75,19,10,10,4,3,6,0,3,23,9,3,96,31,11,0,0,0,16,6,0
00,0,SysselsatteArb,2015,126,39,22,28,7,8,3,3,0,64,25,11,165,52,34,3,3,0,44,13,9
00,0,SysselsatteArb,2016,123,36,21,21,8,6,6,0,3,56,19,11,165,42,49,3,3,0,43,12,10
00,0,SysselsatteArb,2017,124,31,27,23,4,9,3,0,0,47,18,14,158,45,44,3,0,0,40,10,11
00,0,SysselsatteArb,2018,114,32,21,16,7,6,3,0,0,41,20,9,139,36,42,0,0,0,38,4,16
00,0,SysselsatteArb,2019,100,27,20,15,6,3,3,0,0,38,16,10,129,35,40,3,0,0,35,10,15
00,0,SysselsatteArb,2020,90,18,26,NA,NA,NA,3,0,0,33,12,8,107,34,29,NA,NA,NA,31,13,10
