Knr,Kjonn,Alder,ContentsCode,Aar,knavn,00-99,01-03,05-09,10-33,35-39,41-43,45-47,49-53,55-56,58-63,64-66,68-75,77-82,84,85,86-88,90-99,00
1106,0,15-74,SysselsatteArb,2008,1106,21322,74,452,2572,267,1263,3945,1261,863,405,286,995,1029,927,1422,4812,675,74
1106,0,15-74,SysselsatteArb,2009,1106,21160,67,455,2570,286,1296,3810,1249,774,400,281,1028,867,968,1535,4865,627,82
1106,0,15-74,SysselsatteArb,2010,1106,21233,72,318,2486,313,1226,3793,1141,838,429,260,1207,823,1022,1632,4952,628,93
1106,0,15-74,SysselsatteArb,2011,1106,21734,66,335,2600,325,1273,3814,1174,833,439,244,1239,886,1020,1637,5133,636,80
1106,0,15-74,SysselsatteArb,2012,1106,21986,69,379,2766,335,1211,3712,1211,871,450,234,1284,924,1068,1721,5040,630,81
1106,0,15-74,SysselsatteArb,2013,1106,22143,71,404,2805,343,1340,3670,1046,939,458,219,1372,890,1094,1709,5057,650,76
1106,0,15-74,SysselsatteArb,2014,1106,22190,70,416,2682,348,1294,3642,1069,965,477,219,1391,915,1152,1733,5096,646,75
1106,0,15-74,SysselsatteArb,2015,1106,21328,80,417,2371,347,1240,3295,1067,827,463,220,1384,678,1080,1680,5395,658,126
1106,0,15-74,SysselsatteArb,2016,1106,21056,67,369,2196,375,1179,3233,1001,908,474,202,1332,613,1121,1764,5416,683,123
1106,0,15-74,SysselsatteArb,2017,1106,21372,70,402,2110,379,1197,3235,996,924,483,193,1369,752,1114,1771,5513,740,124
1106,0,15-74,SysselsatteArb,2018,1106,21346,65,655,2128,372,1252,3176,999,880,530,178,1202,647,1122,1743,5567,716,114
1106,0,15-74,SysselsatteArb,2019,1106,21429,89,685,2171,416,1081,3006,993,898,577,172,1173,765,1276,1716,5608,703,100
1106,0,15-74,SysselsatteArb,2020,1106,20852,83,694,2220,425,1002,2879,820,751,604,166,1098,717,1157,1720,5713,713,90
1106,0,55-66,SysselsatteArb,2008,1106,3574,15,24,406,69,162,492,281,61,69,115,202,124,216,369,855,93,21
1106,0,55-66,SysselsatteArb,2009,1106,3584,15,24,400,71,166,487,277,63,69,107,205,120,200,382,887,92,19
1106,0,55-66,SysselsatteArb,2010,1106,3694,14,23,392,71,168,487,280,64,75,101,237,124,205,404,946,83,20
1106,0,55-66,SysselsatteArb,2011,1106,3779,12,29,392,71,161,490,299,62,69,95,251,133,211,406,990,87,21
1106,0,55-66,SysselsatteArb,2012,1106,3897,15,32,383,71,172,500,304,68,63,102,255,135,214,425,1038,96,24
1106,0,55-66,SysselsatteArb,2013,1106,3888,11,28,390,65,183,502,249,69,66,94,262,121,226,406,1097,100,19
1106,0,55-66,SysselsatteArb,2014,1106,3939,16,34,395,61,196,506,244,69,69,97,250,118,239,418,1110,98,19
1106,0,55-66,SysselsatteArb,2015,1106,3898,16,35,355,76,199,449,251,63,65,92,252,107,246,404,1158,91,39
1106,0,55-66,SysselsatteArb,2016,1106,3867,12,40,316,86,204,459,229,64,66,83,236,102,254,425,1144,111,36
1106,0,55-66,SysselsatteArb,2017,1106,3900,15,45,327,91,207,464,228,73,78,76,236,115,235,413,1156,110,31
1106,0,55-66,SysselsatteArb,2018,1106,3854,16,74,355,92,200,475,215,68,72,70,217,103,230,397,1131,107,32
1106,0,55-66,SysselsatteArb,2019,1106,3844,16,81,387,100,185,445,216,69,84,60,211,113,247,380,1117,106,27
1106,0,55-66,SysselsatteArb,2020,1106,3750,14,86,409,96,174,426,163,58,83,56,204,105,232,376,1137,113,18
1106,0,67-74,SysselsatteArb,2008,1106,321,5,0,22,0,22,36,32,3,4,6,11,13,12,38,87,19,11
1106,0,67-74,SysselsatteArb,2009,1106,350,6,0,19,3,19,51,31,6,7,3,19,12,6,41,95,20,12
1106,0,67-74,SysselsatteArb,2010,1106,369,8,3,18,5,21,57,36,9,6,3,21,10,26,44,76,16,10
1106,0,67-74,SysselsatteArb,2011,1106,404,9,0,24,6,23,58,49,9,6,3,31,4,27,44,87,16,8
1106,0,67-74,SysselsatteArb,2012,1106,423,10,0,20,6,24,67,52,11,6,3,34,12,27,48,85,18,0
1106,0,67-74,SysselsatteArb,2013,1106,460,11,3,16,5,27,67,63,10,5,3,46,12,20,57,87,19,9
1106,0,67-74,SysselsatteArb,2014,1106,468,13,0,21,3,26,73,64,6,3,0,49,14,18,71,75,22,10
1106,0,67-74,SysselsatteArb,2015,1106,420,10,0,18,3,23,52,56,9,3,0,33,12,10,38,113,18,22
1106,0,67-74,SysselsatteArb,2016,1106,440,9,0,12,3,24,57,48,8,3,7,45,8,18,39,120,18,21
1106,0,67-74,SysselsatteArb,2017,1106,483,8,0,18,4,22,63,53,8,3,8,59,4,14,41,125,26,27
1106,0,67-74,SysselsatteArb,2018,1106,476,5,0,13,6,20,56,52,7,4,5,61,10,15,44,131,26,21
1106,0,67-74,SysselsatteArb,2019,1106,475,6,0,8,6,25,50,48,9,7,0,65,13,14,46,128,30,20
1106,0,67-74,SysselsatteArb,2020,1106,433,6,6,17,7,20,42,21,6,8,3,49,13,13,41,130,25,26
1135,0,15-74,SysselsatteArb,2008,1135,2136,36,0,468,113,176,183,82,50,18,20,31,89,83,209,522,46,10
1135,0,15-74,SysselsatteArb,2009,1135,2176,43,0,429,121,180,189,82,52,18,11,30,75,94,224,544,75,9
1135,0,15-74,SysselsatteArb,2010,1135,2180,36,0,414,120,177,205,85,59,14,15,35,77,95,232,546,52,18
1135,0,15-74,SysselsatteArb,2011,1135,2131,36,0,395,124,179,189,93,56,14,17,30,76,105,231,518,56,12
1135,0,15-74,SysselsatteArb,2012,1135,2100,39,0,394,138,190,202,90,41,14,13,28,84,95,222,474,65,11
1135,0,15-74,SysselsatteArb,2013,1135,2048,36,0,401,125,195,182,70,46,18,12,32,75,93,214,469,69,11
1135,0,15-74,SysselsatteArb,2014,1135,2073,33,0,408,127,195,173,66,42,21,3,37,97,89,225,510,37,10
1135,0,15-74,SysselsatteArb,2015,1135,1977,25,0,383,123,197,170,64,48,24,3,31,63,89,216,470,43,28
1135,0,15-74,SysselsatteArb,2016,1135,1951,26,0,345,131,207,168,67,44,11,6,31,61,96,221,470,46,21
1135,0,15-74,SysselsatteArb,2017,1135,1956,21,0,345,127,219,164,77,55,12,3,24,65,94,201,480,46,23
1135,0,15-74,SysselsatteArb,2018,1135,1937,28,0,342,129,210,171,69,57,12,3,28,68,88,209,452,55,16
1135,0,15-74,SysselsatteArb,2019,1135,1945,30,0,360,126,198,158,70,59,15,3,29,67,86,208,466,55,15
1135,0,15-74,SysselsatteArb,2020,1135,1970,26,0,367,140,206,158,75,33,13,NA,33,64,97,215,473,53,NA
1135,0,55-66,SysselsatteArb,2008,1135,433,12,0,101,27,25,23,22,3,3,3,8,15,18,59,96,11,7
1135,0,55-66,SysselsatteArb,2009,1135,434,12,0,101,31,25,24,22,3,3,3,10,7,24,57,96,10,6
1135,0,55-66,SysselsatteArb,2010,1135,454,11,0,109,32,23,29,19,4,0,6,13,8,20,57,101,13,9
1135,0,55-66,SysselsatteArb,2011,1135,467,7,0,111,35,23,28,26,7,0,6,13,4,20,64,106,12,5
1135,0,55-66,SysselsatteArb,2012,1135,462,7,0,113,37,22,31,26,6,0,3,8,6,20,66,102,10,5
1135,0,55-66,SysselsatteArb,2013,1135,456,5,0,113,39,23,33,17,3,0,3,6,9,24,59,101,13,8
1135,0,55-66,SysselsatteArb,2014,1135,480,5,0,114,42,27,28,18,0,3,0,13,13,25,68,108,12,4
1135,0,55-66,SysselsatteArb,2015,1135,466,3,0,112,37,31,33,16,3,3,0,6,10,21,64,107,13,7
1135,0,55-66,SysselsatteArb,2016,1135,453,7,0,107,38,31,27,16,3,0,0,6,9,20,63,107,11,8
1135,0,55-66,SysselsatteArb,2017,1135,457,3,0,107,37,36,28,17,3,3,0,4,10,20,61,112,12,4
1135,0,55-66,SysselsatteArb,2018,1135,459,7,0,106,37,37,26,19,7,3,0,5,12,15,59,107,12,7
1135,0,55-66,SysselsatteArb,2019,1135,462,7,0,103,42,39,29,17,6,3,0,4,12,16,54,111,13,6
1135,0,55-66,SysselsatteArb,2020,1135,467,7,0,107,51,45,26,20,3,0,NA,8,9,20,52,104,12,NA
1135,0,67-74,SysselsatteArb,2008,1135,45,3,0,3,0,3,3,4,0,0,3,3,3,0,0,17,3,0
1135,0,67-74,SysselsatteArb,2009,1135,45,6,0,0,0,3,0,3,0,0,0,3,6,0,8,13,3,0
1135,0,67-74,SysselsatteArb,2010,1135,40,3,0,0,0,0,3,3,0,0,0,3,0,0,9,13,3,3
1135,0,67-74,SysselsatteArb,2011,1135,41,7,0,0,3,3,0,3,0,0,0,4,3,0,3,12,3,0
1135,0,67-74,SysselsatteArb,2012,1135,38,7,0,0,0,4,3,3,0,0,0,3,0,0,3,8,4,3
1135,0,67-74,SysselsatteArb,2013,1135,43,9,0,0,3,9,0,3,0,0,0,4,0,0,0,9,6,0
1135,0,67-74,SysselsatteArb,2014,1135,38,8,0,3,0,4,0,0,0,0,0,5,0,0,0,12,3,3
1135,0,67-74,SysselsatteArb,2015,1135,40,3,0,3,0,4,0,3,0,0,0,3,3,3,0,7,3,8
1135,0,67-74,SysselsatteArb,2016,1135,44,3,0,0,0,4,3,3,0,0,0,3,0,3,3,13,3,6
1135,0,67-74,SysselsatteArb,2017,1135,33,3,0,0,0,6,0,3,0,0,0,3,0,0,0,9,0,9
1135,0,67-74,SysselsatteArb,2018,1135,42,4,0,5,0,6,3,3,0,0,0,3,0,0,3,6,3,6
1135,0,67-74,SysselsatteArb,2019,1135,41,4,0,3,3,4,3,3,0,0,0,3,0,3,3,5,4,3
1135,0,67-74,SysselsatteArb,2020,1135,42,3,0,3,3,3,3,3,0,0,NA,3,3,0,3,5,4,NA
1145,0,15-74,SysselsatteArb,2008,1145,297,51,0,41,0,11,12,35,9,0,0,3,9,14,32,74,3,3
1145,0,15-74,SysselsatteArb,2009,1145,296,59,0,40,0,8,13,27,6,0,0,3,6,15,39,77,3,0
1145,0,15-74,SysselsatteArb,2010,1145,291,54,0,31,0,7,13,28,0,0,0,6,6,14,42,84,3,3
1145,0,15-74,SysselsatteArb,2011,1145,293,67,0,31,0,8,15,21,0,0,0,3,3,21,45,73,3,3
1145,0,15-74,SysselsatteArb,2012,1145,317,52,0,51,0,8,19,20,3,0,0,3,3,16,33,97,6,6
1145,0,15-74,SysselsatteArb,2013,1145,327,57,0,54,0,11,13,24,3,0,0,0,6,18,33,99,6,3
1145,0,15-74,SysselsatteArb,2014,1145,327,49,0,54,0,11,16,27,0,3,0,0,3,17,35,100,6,6
1145,0,15-74,SysselsatteArb,2015,1145,301,56,0,36,0,16,15,26,3,3,0,0,9,15,28,85,6,3
1145,0,15-74,SysselsatteArb,2016,1145,306,61,0,43,0,13,15,30,3,0,0,3,6,13,34,76,3,6
1145,0,15-74,SysselsatteArb,2017,1145,311,74,0,37,0,13,12,32,3,0,0,3,6,16,29,80,3,3
1145,0,15-74,SysselsatteArb,2018,1145,291,65,0,43,0,12,9,27,3,3,0,0,6,12,26,76,6,3
1145,0,15-74,SysselsatteArb,2019,1145,327,67,0,52,0,9,10,33,0,3,0,0,3,21,26,91,9,3
1145,0,15-74,SysselsatteArb,2020,1145,323,67,0,63,0,9,12,31,0,NA,0,NA,NA,18,23,82,3,3
1145,0,55-66,SysselsatteArb,2008,1145,66,11,0,9,0,3,3,6,3,0,0,0,3,4,7,17,0,0
1145,0,55-66,SysselsatteArb,2009,1145,71,11,0,8,0,3,7,3,0,0,0,0,3,4,9,20,3,0
1145,0,55-66,SysselsatteArb,2010,1145,63,3,0,7,0,3,7,3,0,0,0,0,6,6,5,20,3,0
1145,0,55-66,SysselsatteArb,2011,1145,60,8,0,4,0,3,6,3,0,0,0,0,3,10,5,15,3,0
1145,0,55-66,SysselsatteArb,2012,1145,64,6,0,7,0,3,4,3,0,0,0,0,3,8,9,18,3,0
1145,0,55-66,SysselsatteArb,2013,1145,65,6,0,8,0,3,4,6,0,0,0,0,3,8,9,15,3,0
1145,0,55-66,SysselsatteArb,2014,1145,58,5,0,8,0,0,7,3,0,0,0,0,0,6,10,16,3,0
1145,0,55-66,SysselsatteArb,2015,1145,67,8,0,5,0,3,6,9,0,0,0,0,0,7,7,16,3,3
1145,0,55-66,SysselsatteArb,2016,1145,51,6,0,3,0,4,3,9,0,0,0,0,0,6,6,14,0,0
1145,0,55-66,SysselsatteArb,2017,1145,54,6,0,5,0,4,3,13,0,0,0,0,0,6,6,11,0,0
1145,0,55-66,SysselsatteArb,2018,1145,53,6,0,8,0,3,0,12,0,0,0,0,0,3,8,10,3,0
1145,0,55-66,SysselsatteArb,2019,1145,63,9,0,11,0,3,3,12,0,0,0,0,0,6,5,14,0,0
1145,0,55-66,SysselsatteArb,2020,1145,61,10,0,14,0,3,6,9,0,NA,0,NA,NA,6,5,8,0,0
1145,0,67-74,SysselsatteArb,2008,1145,3,3,0,0,0,0,0,0,0,0,0,0,0,0,0,0,0,0
1145,0,67-74,SysselsatteArb,2009,1145,0,0,0,0,0,0,0,0,0,0,0,0,0,0,0,0,0,0
1145,0,67-74,SysselsatteArb,2010,1145,7,4,0,0,0,0,0,0,0,0,0,0,0,0,0,3,0,0
1145,0,67-74,SysselsatteArb,2011,1145,7,4,0,0,0,0,0,0,0,0,0,0,0,3,0,0,0,0
1145,0,67-74,SysselsatteArb,2012,1145,10,4,0,0,0,0,3,0,0,0,0,0,0,0,0,0,0,3
1145,0,67-74,SysselsatteArb,2013,1145,16,4,0,0,0,3,0,0,0,0,0,0,0,3,0,3,3,0
1145,0,67-74,SysselsatteArb,2014,1145,19,6,0,0,0,4,0,3,0,0,0,0,0,0,0,3,0,3
1145,0,67-74,SysselsatteArb,2015,1145,10,7,0,0,0,3,0,0,0,0,0,0,0,0,0,0,0,0
1145,0,67-74,SysselsatteArb,2016,1145,22,10,0,0,0,3,3,0,0,0,0,0,3,0,0,0,0,3
1145,0,67-74,SysselsatteArb,2017,1145,16,9,0,0,0,3,0,0,0,0,0,0,0,0,0,4,0,0
1145,0,67-74,SysselsatteArb,2018,1145,13,7,0,0,0,3,0,0,0,0,0,0,0,0,0,3,0,0
1145,0,67-74,SysselsatteArb,2019,1145,21,6,0,3,0,0,0,0,0,0,0,0,0,3,0,3,6,0
1145,0,67-74,SysselsatteArb,2020,1145,13,3,0,3,0,3,0,0,0,NA,0,NA,NA,0,0,4,0,0
1146,0,15-74,SysselsatteArb,2008,1146,4048,298,825,268,51,346,362,191,156,11,13,63,31,143,353,833,85,19
1146,0,15-74,SysselsatteArb,2009,1146,4160,282,872,270,54,385,363,181,163,12,6,62,34,153,386,831,84,22
1146,0,15-74,SysselsatteArb,2010,1146,4232,270,866,252,60,394,390,135,181,104,9,76,32,145,387,810,93,28
1146,0,15-74,SysselsatteArb,2011,1146,4475,239,850,252,67,663,390,137,124,105,12,69,70,163,392,827,91,24
1146,0,15-74,SysselsatteArb,2012,1146,4423,219,909,257,61,480,434,127,136,117,13,72,85,165,406,818,97,27
1146,0,15-74,SysselsatteArb,2013,1146,4281,209,859,241,60,466,415,130,126,100,10,86,138,160,353,806,100,22
1146,0,15-74,SysselsatteArb,2014,1146,4329,190,852,220,61,450,443,137,134,88,7,96,167,164,353,842,102,23
1146,0,15-74,SysselsatteArb,2015,1146,4304,196,820,320,31,469,438,135,89,50,9,84,169,134,342,858,96,64
1146,0,15-74,SysselsatteArb,2016,1146,4314,194,790,390,31,467,445,109,92,40,10,151,152,142,338,802,105,56
1146,0,15-74,SysselsatteArb,2017,1146,4576,186,797,476,28,485,454,216,92,62,10,136,169,134,342,834,108,47
1146,0,15-74,SysselsatteArb,2018,1146,4620,182,759,628,25,500,451,105,81,60,10,169,180,139,348,834,108,41
1146,0,15-74,SysselsatteArb,2019,1146,4710,192,757,617,23,549,445,92,88,101,10,177,180,129,340,843,129,38
1146,0,15-74,SysselsatteArb,2020,1146,4773,204,NA,631,NA,510,431,178,80,115,7,153,202,143,345,844,111,33
1146,0,55-66,SysselsatteArb,2008,1146,607,77,90,30,6,24,52,38,14,0,3,9,8,42,87,110,14,3
1146,0,55-66,SysselsatteArb,2009,1146,624,72,72,34,9,33,58,31,19,3,0,9,15,38,92,121,14,4
1146,0,55-66,SysselsatteArb,2010,1146,641,69,83,33,9,39,54,17,21,20,0,12,9,39,97,115,15,9
1146,0,55-66,SysselsatteArb,2011,1146,692,66,98,36,10,46,57,19,18,18,3,16,16,38,101,127,16,7
1146,0,55-66,SysselsatteArb,2012,1146,706,66,109,42,9,45,59,17,16,23,3,20,12,40,102,122,16,5
1146,0,55-66,SysselsatteArb,2013,1146,735,51,124,45,9,47,66,25,11,21,3,23,27,40,88,130,16,9
1146,0,55-66,SysselsatteArb,2014,1146,748,45,126,38,12,40,80,28,12,21,3,26,33,38,80,138,19,9
1146,0,55-66,SysselsatteArb,2015,1146,749,50,120,40,7,55,79,27,9,6,3,23,33,36,85,140,11,25
1146,0,55-66,SysselsatteArb,2016,1146,779,52,135,52,12,51,81,26,10,6,3,29,27,31,89,143,13,19
1146,0,55-66,SysselsatteArb,2017,1146,836,45,156,65,13,58,79,38,10,16,3,31,27,29,84,150,14,18
1146,0,55-66,SysselsatteArb,2018,1146,844,37,160,84,7,55,85,21,10,17,3,35,36,33,84,141,16,20
1146,0,55-66,SysselsatteArb,2019,1146,883,38,171,87,6,65,86,19,10,26,3,32,37,36,77,147,27,16
1146,0,55-66,SysselsatteArb,2020,1146,917,43,NA,105,NA,68,83,40,7,28,0,28,44,32,82,142,24,12
1146,0,67-74,SysselsatteArb,2008,1146,92,37,3,5,0,7,7,3,0,0,0,3,3,3,3,15,3,0
1146,0,67-74,SysselsatteArb,2009,1146,104,43,0,4,0,6,9,6,3,0,0,4,0,3,6,14,3,3
1146,0,67-74,SysselsatteArb,2010,1146,90,30,0,6,0,3,8,5,3,3,0,3,0,3,3,17,6,0
1146,0,67-74,SysselsatteArb,2011,1146,102,30,0,8,0,5,8,4,3,5,0,0,0,7,8,18,3,3
1146,0,67-74,SysselsatteArb,2012,1146,130,40,0,11,0,9,11,6,3,3,0,3,3,6,7,18,4,6
1146,0,67-74,SysselsatteArb,2013,1146,120,40,0,9,0,8,7,0,3,3,0,4,3,3,7,20,7,6
1146,0,67-74,SysselsatteArb,2014,1146,129,36,0,9,0,10,10,0,3,0,0,6,6,3,10,24,9,3
1146,0,67-74,SysselsatteArb,2015,1146,127,34,0,7,0,12,7,4,3,0,0,6,3,4,11,20,5,11
1146,0,67-74,SysselsatteArb,2016,1146,118,36,0,3,0,10,7,3,3,3,0,10,3,6,7,13,3,11
1146,0,67-74,SysselsatteArb,2017,1146,118,34,0,8,0,13,7,3,0,0,0,9,3,5,5,14,3,14
1146,0,67-74,SysselsatteArb,2018,1146,105,31,0,4,0,18,7,3,0,0,0,8,0,3,3,13,6,9
1146,0,67-74,SysselsatteArb,2019,1146,116,32,3,6,0,17,4,3,0,3,0,11,0,0,4,11,12,10
1146,0,67-74,SysselsatteArb,2020,1146,99,33,NA,8,NA,13,4,6,3,3,0,7,0,0,0,8,3,8
1149,0,15-74,SysselsatteArb,2008,1149,15194,472,55,3357,120,1472,2026,1402,267,136,117,420,514,394,1203,2771,371,97
1149,0,15-74,SysselsatteArb,2009,1149,14666,462,134,2806,101,1442,1968,1388,255,146,110,415,445,367,1244,2885,404,94
1149,0,15-74,SysselsatteArb,2010,1149,14591,447,161,2571,102,1532,2080,1424,257,157,114,416,472,379,1199,2807,372,101
1149,0,15-74,SysselsatteArb,2011,1149,14781,378,172,2475,105,1682,2149,1346,281,133,99,432,563,390,1154,2950,384,88
1149,0,15-74,SysselsatteArb,2012,1149,14989,369,187,2408,107,1775,2144,1365,285,160,100,414,671,448,1162,2929,370,95
1149,0,15-74,SysselsatteArb,2013,1149,15239,357,209,2367,128,1876,2030,1470,336,158,97,444,628,466,1197,3002,371,103
1149,0,15-74,SysselsatteArb,2014,1149,15457,337,246,2353,112,1907,2005,1495,343,135,81,495,616,474,1244,3162,356,96
1149,0,15-74,SysselsatteArb,2015,1149,15066,340,194,2302,105,1811,1983,1441,259,141,75,473,586,427,1197,3151,416,165
1149,0,15-74,SysselsatteArb,2016,1149,15287,367,196,2313,110,1808,2001,1362,265,155,77,448,727,476,1213,3167,437,165
1149,0,15-74,SysselsatteArb,2017,1149,15728,347,263,2426,109,1907,1991,1407,265,163,72,461,810,469,1257,3197,426,158
1149,0,15-74,SysselsatteArb,2018,1149,15866,358,300,2419,114,1807,1951,1431,315,180,67,462,892,437,1294,3297,403,139
1149,0,15-74,SysselsatteArb,2019,1149,15978,329,307,2476,123,1891,1939,1430,280,186,64,480,861,476,1318,3280,409,129
1149,0,15-74,SysselsatteArb,2020,1149,16059,338,291,2470,133,1920,2020,1443,269,194,75,487,883,481,1333,3208,407,107
1149,0,55-66,SysselsatteArb,2008,1149,2549,120,15,553,20,172,266,247,12,15,29,78,102,84,282,462,61,31
1149,0,55-66,SysselsatteArb,2009,1149,2583,115,14,522,21,187,264,257,14,11,27,92,93,81,298,489,67,31
1149,0,55-66,SysselsatteArb,2010,1149,2566,98,16,486,17,192,267,281,21,12,29,102,94,89,280,494,53,35
1149,0,55-66,SysselsatteArb,2011,1149,2575,97,14,482,19,207,261,258,18,13,31,96,109,94,278,510,58,30
1149,0,55-66,SysselsatteArb,2012,1149,2629,84,15,494,23,216,269,264,19,12,27,86,120,94,288,521,66,31
1149,0,55-66,SysselsatteArb,2013,1149,2762,85,24,468,23,236,283,325,21,15,26,113,116,107,277,538,68,37
1149,0,55-66,SysselsatteArb,2014,1149,2778,87,29,441,24,243,289,318,28,12,23,118,136,102,296,540,61,31
1149,0,55-66,SysselsatteArb,2015,1149,2726,89,20,431,20,245,290,324,22,12,23,113,125,98,273,520,69,52
1149,0,55-66,SysselsatteArb,2016,1149,2731,80,21,451,21,250,285,307,21,12,28,106,136,96,271,532,72,42
1149,0,55-66,SysselsatteArb,2017,1149,2754,81,28,457,22,246,281,312,21,17,20,109,153,94,258,543,67,45
1149,0,55-66,SysselsatteArb,2018,1149,2732,79,28,463,22,255,279,304,25,17,20,96,163,84,251,551,59,36
1149,0,55-66,SysselsatteArb,2019,1149,2834,84,31,486,24,273,311,320,22,15,18,98,153,92,254,556,62,35
1149,0,55-66,SysselsatteArb,2020,1149,2900,82,29,482,24,304,340,357,25,13,17,89,150,95,241,548,70,34
1149,0,67-74,SysselsatteArb,2008,1149,254,55,3,34,0,18,31,32,3,0,3,10,12,3,14,21,7,8
1149,0,67-74,SysselsatteArb,2009,1149,273,56,3,34,0,18,38,26,3,3,0,17,11,6,11,27,12,8
1149,0,67-74,SysselsatteArb,2010,1149,265,56,0,37,0,15,39,27,3,3,0,16,7,4,17,17,14,10
1149,0,67-74,SysselsatteArb,2011,1149,290,44,3,35,0,22,40,29,7,3,3,21,10,10,16,27,12,8
1149,0,67-74,SysselsatteArb,2012,1149,313,59,3,35,0,20,40,35,5,3,0,25,20,3,22,21,8,14
1149,0,67-74,SysselsatteArb,2013,1149,340,56,3,36,3,25,35,39,8,3,0,29,19,3,19,36,14,12
1149,0,67-74,SysselsatteArb,2014,1149,358,51,0,32,0,29,37,45,7,3,0,35,10,10,25,44,19,11
1149,0,67-74,SysselsatteArb,2015,1149,342,53,0,30,3,21,38,18,6,3,0,29,7,9,15,56,20,34
1149,0,67-74,SysselsatteArb,2016,1149,356,54,0,29,0,23,32,22,3,3,0,31,11,8,17,58,16,49
1149,0,67-74,SysselsatteArb,2017,1149,364,53,0,26,0,31,36,27,6,3,0,35,12,8,17,51,15,44
1149,0,67-74,SysselsatteArb,2018,1149,373,45,3,27,3,24,34,37,3,0,0,39,12,5,19,58,22,42
1149,0,67-74,SysselsatteArb,2019,1149,384,39,3,35,0,28,28,41,3,3,0,43,13,6,19,63,20,40
1149,0,67-74,SysselsatteArb,2020,1149,386,54,3,28,0,28,34,52,4,0,3,47,10,7,13,57,17,29
1151,0,15-74,SysselsatteArb,2008,1151,111,9,0,0,0,9,3,26,9,0,0,0,11,10,10,21,3,0
1151,0,15-74,SysselsatteArb,2009,1151,105,6,0,3,0,11,3,22,3,0,0,3,12,6,9,24,3,0
1151,0,15-74,SysselsatteArb,2010,1151,105,9,0,0,0,10,6,22,6,0,0,3,3,13,9,24,0,0
1151,0,15-74,SysselsatteArb,2011,1151,114,9,0,0,0,9,6,24,3,0,0,0,17,7,12,24,3,0
1151,0,15-74,SysselsatteArb,2012,1151,108,6,0,3,0,7,6,20,3,0,0,3,14,9,11,23,3,0
1151,0,15-74,SysselsatteArb,2013,1151,103,3,0,0,0,13,3,19,7,0,0,3,13,6,12,21,3,0
1151,0,15-74,SysselsatteArb,2014,1151,105,6,0,0,0,10,3,21,6,0,0,0,9,9,13,22,6,0
1151,0,15-74,SysselsatteArb,2015,1151,96,6,0,0,0,12,3,18,3,0,0,0,6,9,10,23,3,3
1151,0,15-74,SysselsatteArb,2016,1151,94,6,0,0,0,9,6,19,0,0,0,3,3,6,9,27,3,3
1151,0,15-74,SysselsatteArb,2017,1151,99,6,0,0,0,6,6,20,3,0,0,0,6,6,13,24,6,3
1151,0,15-74,SysselsatteArb,2018,1151,90,6,0,0,0,9,3,17,3,0,0,0,6,6,17,20,3,0
1151,0,15-74,SysselsatteArb,2019,1151,88,6,0,0,0,3,9,20,0,0,0,0,6,6,12,20,3,3
1151,0,15-74,SysselsatteArb,2020,1151,96,6,0,0,0,6,NA,25,0,0,0,NA,3,6,NA,NA,3,NA
1151,0,55-66,SysselsatteArb,2008,1151,24,3,0,0,0,3,0,4,3,0,0,0,0,3,3,5,0,0
1151,0,55-66,SysselsatteArb,2009,1151,23,3,0,0,0,4,0,0,0,0,0,3,0,0,3,7,3,0
1151,0,55-66,SysselsatteArb,2010,1151,22,3,0,0,0,3,0,0,3,0,0,3,0,3,3,4,0,0
1151,0,55-66,SysselsatteArb,2011,1151,25,3,0,0,0,3,0,3,0,0,0,0,0,3,3,7,3,0
1151,0,55-66,SysselsatteArb,2012,1151,33,0,0,0,0,3,3,3,0,0,0,3,4,3,3,8,3,0
1151,0,55-66,SysselsatteArb,2013,1151,29,0,0,0,0,3,3,4,0,0,0,0,3,3,6,7,0,0
1151,0,55-66,SysselsatteArb,2014,1151,23,3,0,0,0,4,0,3,3,0,0,0,0,0,7,3,0,0
1151,0,55-66,SysselsatteArb,2015,1151,19,3,0,0,0,3,0,3,0,0,0,0,0,3,4,0,0,3
1151,0,55-66,SysselsatteArb,2016,1151,30,0,0,0,0,3,0,3,0,0,0,3,3,3,6,6,0,3
1151,0,55-66,SysselsatteArb,2017,1151,21,0,0,0,0,0,3,3,0,0,0,0,3,3,4,5,0,0
1151,0,55-66,SysselsatteArb,2018,1151,27,3,0,0,0,3,0,3,0,0,0,0,0,3,7,5,3,0
1151,0,55-66,SysselsatteArb,2019,1151,24,3,0,0,0,0,0,6,0,0,0,0,3,0,5,7,0,0
1151,0,55-66,SysselsatteArb,2020,1151,31,3,0,0,0,3,NA,3,0,0,0,NA,0,3,NA,NA,0,NA
1151,0,67-74,SysselsatteArb,2008,1151,0,0,0,0,0,0,0,0,0,0,0,0,0,0,0,0,0,0
1151,0,67-74,SysselsatteArb,2009,1151,0,0,0,0,0,0,0,0,0,0,0,0,0,0,0,0,0,0
1151,0,67-74,SysselsatteArb,2010,1151,3,0,0,0,0,0,0,0,0,0,0,0,0,0,0,3,0,0
1151,0,67-74,SysselsatteArb,2011,1151,6,0,0,0,0,0,0,0,3,0,0,0,3,0,0,0,0,0
1151,0,67-74,SysselsatteArb,2012,1151,0,0,0,0,0,0,0,0,0,0,0,0,0,0,0,0,0,0
1151,0,67-74,SysselsatteArb,2013,1151,3,0,0,0,0,3,0,0,0,0,0,0,0,0,0,0,0,0
1151,0,67-74,SysselsatteArb,2014,1151,6,0,0,0,0,0,0,0,0,0,0,0,0,3,0,0,3,0
1151,0,67-74,SysselsatteArb,2015,1151,9,0,0,0,0,3,0,0,3,0,0,0,0,0,0,3,0,0
1151,0,67-74,SysselsatteArb,2016,1151,3,0,0,0,0,0,0,0,0,0,0,0,0,0,0,3,0,0
1151,0,67-74,SysselsatteArb,2017,1151,6,0,0,0,0,0,0,0,0,0,0,0,0,0,3,3,0,0
1151,0,67-74,SysselsatteArb,2018,1151,6,0,0,0,0,0,0,0,3,0,0,0,0,0,0,3,0,0
1151,0,67-74,SysselsatteArb,2019,1151,6,3,0,0,0,0,0,0,0,0,0,0,0,3,0,0,0,0
1151,0,67-74,SysselsatteArb,2020,1151,3,0,0,0,0,0,NA,0,0,0,0,NA,0,0,NA,NA,0,NA
1160,0,15-74,SysselsatteArb,2008,1160,4422,678,6,785,94,444,494,213,84,168,20,117,180,158,349,563,49,20
1160,0,15-74,SysselsatteArb,2009,1160,4450,658,6,852,88,473,447,194,120,161,25,125,175,151,330,577,51,17
1160,0,15-74,SysselsatteArb,2010,1160,4544,649,3,901,80,482,437,207,115,171,19,122,187,166,349,575,49,32
1160,0,15-74,SysselsatteArb,2011,1160,4748,684,3,942,76,484,467,201,141,209,15,107,225,177,353,599,46,19
1160,0,15-74,SysselsatteArb,2012,1160,4785,623,3,974,74,448,510,195,106,199,16,119,282,181,356,636,46,17
1160,0,15-74,SysselsatteArb,2013,1160,4870,571,0,1009,129,465,506,225,71,191,16,126,274,186,369,662,50,20
1160,0,15-74,SysselsatteArb,2014,1160,5037,571,7,1050,86,501,497,231,69,144,16,210,324,196,370,693,56,16
1160,0,15-74,SysselsatteArb,2015,1160,4971,627,3,1098,43,511,462,315,19,182,17,172,162,184,377,694,61,44
1160,0,15-74,SysselsatteArb,2016,1160,4915,633,3,1035,65,504,450,309,23,208,12,136,170,187,372,706,59,43
1160,0,15-74,SysselsatteArb,2017,1160,4915,625,3,985,92,544,483,304,21,127,17,182,168,184,378,704,58,40
1160,0,15-74,SysselsatteArb,2018,1160,4814,608,3,828,76,569,515,288,19,135,15,187,160,188,386,740,59,38
1160,0,15-74,SysselsatteArb,2019,1160,4818,567,3,887,101,555,490,269,23,145,16,209,157,194,370,742,55,35
1160,0,15-74,SysselsatteArb,2020,1160,4898,578,NA,887,101,638,475,259,41,149,NA,216,163,177,385,730,50,31
1160,0,55-66,SysselsatteArb,2008,1160,771,143,3,111,14,70,65,53,8,3,8,15,35,49,98,80,9,7
1160,0,55-66,SysselsatteArb,2009,1160,767,126,3,113,14,75,59,53,10,9,8,19,27,44,94,100,7,6
1160,0,55-66,SysselsatteArb,2010,1160,798,121,0,116,17,80,61,56,13,20,5,23,35,43,92,93,13,10
1160,0,55-66,SysselsatteArb,2011,1160,835,125,0,134,16,79,67,55,9,30,5,22,32,46,88,110,13,4
1160,0,55-66,SysselsatteArb,2012,1160,848,103,3,142,15,84,74,54,11,18,7,20,39,43,92,121,16,6
1160,0,55-66,SysselsatteArb,2013,1160,864,98,0,148,18,88,73,60,9,20,7,20,40,42,94,123,18,6
1160,0,55-66,SysselsatteArb,2014,1160,911,89,7,163,15,92,71,66,9,17,7,28,55,40,88,140,18,6
1160,0,55-66,SysselsatteArb,2015,1160,923,98,0,177,8,91,76,64,3,30,4,32,37,36,87,146,21,13
1160,0,55-66,SysselsatteArb,2016,1160,911,97,0,187,13,94,78,55,3,28,3,26,40,32,84,137,22,12
1160,0,55-66,SysselsatteArb,2017,1160,927,97,0,184,18,99,85,57,3,21,7,31,41,28,77,146,23,10
1160,0,55-66,SysselsatteArb,2018,1160,937,115,0,186,15,93,94,47,3,24,6,34,44,27,81,142,22,4
1160,0,55-66,SysselsatteArb,2019,1160,944,103,0,191,21,87,93,51,3,18,3,37,41,37,82,147,20,10
1160,0,55-66,SysselsatteArb,2020,1160,981,108,NA,189,22,91,96,46,7,18,NA,41,47,33,91,157,16,13
1160,0,67-74,SysselsatteArb,2008,1160,128,57,0,7,3,10,6,8,0,3,0,8,6,3,4,7,3,3
1160,0,67-74,SysselsatteArb,2009,1160,141,65,0,11,3,11,10,8,0,0,0,6,3,6,4,11,3,0
1160,0,67-74,SysselsatteArb,2010,1160,138,62,0,12,3,8,6,10,3,0,0,9,0,3,4,9,3,6
1160,0,67-74,SysselsatteArb,2011,1160,140,64,0,9,0,13,10,12,3,0,0,3,6,6,3,7,4,0
1160,0,67-74,SysselsatteArb,2012,1160,140,70,0,6,0,15,11,10,0,0,0,5,3,3,6,8,3,0
1160,0,67-74,SysselsatteArb,2013,1160,162,66,0,11,3,10,12,17,0,0,0,5,7,8,3,17,3,0
1160,0,67-74,SysselsatteArb,2014,1160,157,60,0,12,0,9,9,21,0,0,0,9,3,6,7,18,3,0
1160,0,67-74,SysselsatteArb,2015,1160,153,57,0,18,0,10,8,17,0,0,0,3,3,3,5,17,3,9
1160,0,67-74,SysselsatteArb,2016,1160,171,62,0,17,0,14,5,18,0,0,0,11,3,3,5,19,4,10
1160,0,67-74,SysselsatteArb,2017,1160,193,67,0,14,3,21,11,22,0,3,0,5,6,5,8,17,0,11
1160,0,67-74,SysselsatteArb,2018,1160,185,60,0,11,3,18,9,23,0,3,0,5,3,4,6,21,3,16
1160,0,67-74,SysselsatteArb,2019,1160,197,58,0,19,0,25,16,19,0,0,3,9,4,6,8,12,3,15
1160,0,67-74,SysselsatteArb,2020,1160,186,55,NA,17,0,33,13,21,0,0,NA,7,8,7,3,9,3,10
4611,0,15-74,SysselsatteArb,2008,4611,0,0,0,0,0,0,0,0,0,0,0,0,0,0,0,0,0,0
4611,0,15-74,SysselsatteArb,2009,4611,0,0,0,0,0,0,0,0,0,0,0,0,0,0,0,0,0,0
4611,0,15-74,SysselsatteArb,2010,4611,0,0,0,0,0,0,0,0,0,0,0,0,0,0,0,0,0,0
4611,0,15-74,SysselsatteArb,2011,4611,0,0,0,0,0,0,0,0,0,0,0,0,0,0,0,0,0,0
4611,0,15-74,SysselsatteArb,2012,4611,0,0,0,0,0,0,0,0,0,0,0,0,0,0,0,0,0,0
4611,0,15-74,SysselsatteArb,2013,4611,0,0,0,0,0,0,0,0,0,0,0,0,0,0,0,0,0,0
4611,0,15-74,SysselsatteArb,2014,4611,0,0,0,0,0,0,0,0,0,0,0,0,0,0,0,0,0,0
4611,0,15-74,SysselsatteArb,2015,4611,0,0,0,0,0,0,0,0,0,0,0,0,0,0,0,0,0,0
4611,0,15-74,SysselsatteArb,2016,4611,0,0,0,0,0,0,0,0,0,0,0,0,0,0,0,0,0,0
4611,0,15-74,SysselsatteArb,2017,4611,0,0,0,0,0,0,0,0,0,0,0,0,0,0,0,0,0,0
4611,0,15-74,SysselsatteArb,2018,4611,0,0,0,0,0,0,0,0,0,0,0,0,0,0,0,0,0,0
4611,0,15-74,SysselsatteArb,2019,4611,0,0,0,0,0,0,0,0,0,0,0,0,0,0,0,0,0,0
4611,0,15-74,SysselsatteArb,2020,4611,1613,172,13,177,21,242,186,48,51,22,NA,39,68,52,111,346,34,NA
4611,0,55-66,SysselsatteArb,2008,4611,0,0,0,0,0,0,0,0,0,0,0,0,0,0,0,0,0,0
4611,0,55-66,SysselsatteArb,2009,4611,0,0,0,0,0,0,0,0,0,0,0,0,0,0,0,0,0,0
4611,0,55-66,SysselsatteArb,2010,4611,0,0,0,0,0,0,0,0,0,0,0,0,0,0,0,0,0,0
4611,0,55-66,SysselsatteArb,2011,4611,0,0,0,0,0,0,0,0,0,0,0,0,0,0,0,0,0,0
4611,0,55-66,SysselsatteArb,2012,4611,0,0,0,0,0,0,0,0,0,0,0,0,0,0,0,0,0,0
4611,0,55-66,SysselsatteArb,2013,4611,0,0,0,0,0,0,0,0,0,0,0,0,0,0,0,0,0,0
4611,0,55-66,SysselsatteArb,2014,4611,0,0,0,0,0,0,0,0,0,0,0,0,0,0,0,0,0,0
4611,0,55-66,SysselsatteArb,2015,4611,0,0,0,0,0,0,0,0,0,0,0,0,0,0,0,0,0,0
4611,0,55-66,SysselsatteArb,2016,4611,0,0,0,0,0,0,0,0,0,0,0,0,0,0,0,0,0,0
4611,0,55-66,SysselsatteArb,2017,4611,0,0,0,0,0,0,0,0,0,0,0,0,0,0,0,0,0,0
4611,0,55-66,SysselsatteArb,2018,4611,0,0,0,0,0,0,0,0,0,0,0,0,0,0,0,0,0,0
4611,0,55-66,SysselsatteArb,2019,4611,0,0,0,0,0,0,0,0,0,0,0,0,0,0,0,0,0,0
4611,0,55-66,SysselsatteArb,2020,4611,337,40,0,32,3,50,36,9,12,7,NA,12,13,15,24,71,4,NA
4611,0,67-74,SysselsatteArb,2008,4611,0,0,0,0,0,0,0,0,0,0,0,0,0,0,0,0,0,0
4611,0,67-74,SysselsatteArb,2009,4611,0,0,0,0,0,0,0,0,0,0,0,0,0,0,0,0,0,0
4611,0,67-74,SysselsatteArb,2010,4611,0,0,0,0,0,0,0,0,0,0,0,0,0,0,0,0,0,0
4611,0,67-74,SysselsatteArb,2011,4611,0,0,0,0,0,0,0,0,0,0,0,0,0,0,0,0,0,0
4611,0,67-74,SysselsatteArb,2012,4611,0,0,0,0,0,0,0,0,0,0,0,0,0,0,0,0,0,0
4611,0,67-74,SysselsatteArb,2013,4611,0,0,0,0,0,0,0,0,0,0,0,0,0,0,0,0,0,0
4611,0,67-74,SysselsatteArb,2014,4611,0,0,0,0,0,0,0,0,0,0,0,0,0,0,0,0,0,0
4611,0,67-74,SysselsatteArb,2015,4611,0,0,0,0,0,0,0,0,0,0,0,0,0,0,0,0,0,0
4611,0,67-74,SysselsatteArb,2016,4611,0,0,0,0,0,0,0,0,0,0,0,0,0,0,0,0,0,0
4611,0,67-74,SysselsatteArb,2017,4611,0,0,0,0,0,0,0,0,0,0,0,0,0,0,0,0,0,0
4611,0,67-74,SysselsatteArb,2018,4611,0,0,0,0,0,0,0,0,0,0,0,0,0,0,0,0,0,0
4611,0,67-74,SysselsatteArb,2019,4611,0,0,0,0,0,0,0,0,0,0,0,0,0,0,0,0,0,0
4611,0,67-74,SysselsatteArb,2020,4611,72,18,3,4,0,22,3,6,0,0,NA,0,0,0,3,7,3,NA
4612,0,15-74,SysselsatteArb,2008,4612,0,0,0,0,0,0,0,0,0,0,0,0,0,0,0,0,0,0
4612,0,15-74,SysselsatteArb,2009,4612,0,0,0,0,0,0,0,0,0,0,0,0,0,0,0,0,0,0
4612,0,15-74,SysselsatteArb,2010,4612,0,0,0,0,0,0,0,0,0,0,0,0,0,0,0,0,0,0
4612,0,15-74,SysselsatteArb,2011,4612,0,0,0,0,0,0,0,0,0,0,0,0,0,0,0,0,0,0
4612,0,15-74,SysselsatteArb,2012,4612,0,0,0,0,0,0,0,0,0,0,0,0,0,0,0,0,0,0
4612,0,15-74,SysselsatteArb,2013,4612,0,0,0,0,0,0,0,0,0,0,0,0,0,0,0,0,0,0
4612,0,15-74,SysselsatteArb,2014,4612,0,0,0,0,0,0,0,0,0,0,0,0,0,0,0,0,0,0
4612,0,15-74,SysselsatteArb,2015,4612,0,0,0,0,0,0,0,0,0,0,0,0,0,0,0,0,0,0
4612,0,15-74,SysselsatteArb,2016,4612,0,0,0,0,0,0,0,0,0,0,0,0,0,0,0,0,0,0
4612,0,15-74,SysselsatteArb,2017,4612,0,0,0,0,0,0,0,0,0,0,0,0,0,0,0,0,0,0
4612,0,15-74,SysselsatteArb,2018,4612,0,0,0,0,0,0,0,0,0,0,0,0,0,0,0,0,0,0
4612,0,15-74,SysselsatteArb,2019,4612,0,0,0,0,0,0,0,0,0,0,0,0,0,0,0,0,0,0
4612,0,15-74,SysselsatteArb,2020,4612,1494,180,0,48,3,231,142,94,9,5,0,26,34,48,171,423,62,18
4612,0,55-66,SysselsatteArb,2008,4612,0,0,0,0,0,0,0,0,0,0,0,0,0,0,0,0,0,0
4612,0,55-66,SysselsatteArb,2009,4612,0,0,0,0,0,0,0,0,0,0,0,0,0,0,0,0,0,0
4612,0,55-66,SysselsatteArb,2010,4612,0,0,0,0,0,0,0,0,0,0,0,0,0,0,0,0,0,0
4612,0,55-66,SysselsatteArb,2011,4612,0,0,0,0,0,0,0,0,0,0,0,0,0,0,0,0,0,0
4612,0,55-66,SysselsatteArb,2012,4612,0,0,0,0,0,0,0,0,0,0,0,0,0,0,0,0,0,0
4612,0,55-66,SysselsatteArb,2013,4612,0,0,0,0,0,0,0,0,0,0,0,0,0,0,0,0,0,0
4612,0,55-66,SysselsatteArb,2014,4612,0,0,0,0,0,0,0,0,0,0,0,0,0,0,0,0,0,0
4612,0,55-66,SysselsatteArb,2015,4612,0,0,0,0,0,0,0,0,0,0,0,0,0,0,0,0,0,0
4612,0,55-66,SysselsatteArb,2016,4612,0,0,0,0,0,0,0,0,0,0,0,0,0,0,0,0,0,0
4612,0,55-66,SysselsatteArb,2017,4612,0,0,0,0,0,0,0,0,0,0,0,0,0,0,0,0,0,0
4612,0,55-66,SysselsatteArb,2018,4612,0,0,0,0,0,0,0,0,0,0,0,0,0,0,0,0,0,0
4612,0,55-66,SysselsatteArb,2019,4612,0,0,0,0,0,0,0,0,0,0,0,0,0,0,0,0,0,0
4612,0,55-66,SysselsatteArb,2020,4612,267,33,0,14,0,36,20,15,3,0,0,4,6,10,36,65,19,6
4612,0,67-74,SysselsatteArb,2008,4612,0,0,0,0,0,0,0,0,0,0,0,0,0,0,0,0,0,0
4612,0,67-74,SysselsatteArb,2009,4612,0,0,0,0,0,0,0,0,0,0,0,0,0,0,0,0,0,0
4612,0,67-74,SysselsatteArb,2010,4612,0,0,0,0,0,0,0,0,0,0,0,0,0,0,0,0,0,0
4612,0,67-74,SysselsatteArb,2011,4612,0,0,0,0,0,0,0,0,0,0,0,0,0,0,0,0,0,0
4612,0,67-74,SysselsatteArb,2012,4612,0,0,0,0,0,0,0,0,0,0,0,0,0,0,0,0,0,0
4612,0,67-74,SysselsatteArb,2013,4612,0,0,0,0,0,0,0,0,0,0,0,0,0,0,0,0,0,0
4612,0,67-74,SysselsatteArb,2014,4612,0,0,0,0,0,0,0,0,0,0,0,0,0,0,0,0,0,0
4612,0,67-74,SysselsatteArb,2015,4612,0,0,0,0,0,0,0,0,0,0,0,0,0,0,0,0,0,0
4612,0,67-74,SysselsatteArb,2016,4612,0,0,0,0,0,0,0,0,0,0,0,0,0,0,0,0,0,0
4612,0,67-74,SysselsatteArb,2017,4612,0,0,0,0,0,0,0,0,0,0,0,0,0,0,0,0,0,0
4612,0,67-74,SysselsatteArb,2018,4612,0,0,0,0,0,0,0,0,0,0,0,0,0,0,0,0,0,0
4612,0,67-74,SysselsatteArb,2019,4612,0,0,0,0,0,0,0,0,0,0,0,0,0,0,0,0,0,0
4612,0,67-74,SysselsatteArb,2020,4612,74,21,0,0,0,13,6,6,0,0,0,6,0,0,3,12,3,4
4613,0,15-74,SysselsatteArb,2008,4613,0,0,0,0,0,0,0,0,0,0,0,0,0,0,0,0,0,0
4613,0,15-74,SysselsatteArb,2009,4613,0,0,0,0,0,0,0,0,0,0,0,0,0,0,0,0,0,0
4613,0,15-74,SysselsatteArb,2010,4613,0,0,0,0,0,0,0,0,0,0,0,0,0,0,0,0,0,0
4613,0,15-74,SysselsatteArb,2011,4613,0,0,0,0,0,0,0,0,0,0,0,0,0,0,0,0,0,0
4613,0,15-74,SysselsatteArb,2012,4613,0,0,0,0,0,0,0,0,0,0,0,0,0,0,0,0,0,0
4613,0,15-74,SysselsatteArb,2013,4613,0,0,0,0,0,0,0,0,0,0,0,0,0,0,0,0,0,0
4613,0,15-74,SysselsatteArb,2014,4613,0,0,0,0,0,0,0,0,0,0,0,0,0,0,0,0,0,0
4613,0,15-74,SysselsatteArb,2015,4613,0,0,0,0,0,0,0,0,0,0,0,0,0,0,0,0,0,0
4613,0,15-74,SysselsatteArb,2016,4613,0,0,0,0,0,0,0,0,0,0,0,0,0,0,0,0,0,0
4613,0,15-74,SysselsatteArb,2017,4613,0,0,0,0,0,0,0,0,0,0,0,0,0,0,0,0,0,0
4613,0,15-74,SysselsatteArb,2018,4613,0,0,0,0,0,0,0,0,0,0,0,0,0,0,0,0,0,0
4613,0,15-74,SysselsatteArb,2019,4613,0,0,0,0,0,0,0,0,0,0,0,0,0,0,0,0,0,0
4613,0,15-74,SysselsatteArb,2020,4613,4890,340,0,1101,49,532,420,339,75,30,16,106,186,145,460,950,123,18
4613,0,55-66,SysselsatteArb,2008,4613,0,0,0,0,0,0,0,0,0,0,0,0,0,0,0,0,0,0
4613,0,55-66,SysselsatteArb,2009,4613,0,0,0,0,0,0,0,0,0,0,0,0,0,0,0,0,0,0
4613,0,55-66,SysselsatteArb,2010,4613,0,0,0,0,0,0,0,0,0,0,0,0,0,0,0,0,0,0
4613,0,55-66,SysselsatteArb,2011,4613,0,0,0,0,0,0,0,0,0,0,0,0,0,0,0,0,0,0
4613,0,55-66,SysselsatteArb,2012,4613,0,0,0,0,0,0,0,0,0,0,0,0,0,0,0,0,0,0
4613,0,55-66,SysselsatteArb,2013,4613,0,0,0,0,0,0,0,0,0,0,0,0,0,0,0,0,0,0
4613,0,55-66,SysselsatteArb,2014,4613,0,0,0,0,0,0,0,0,0,0,0,0,0,0,0,0,0,0
4613,0,55-66,SysselsatteArb,2015,4613,0,0,0,0,0,0,0,0,0,0,0,0,0,0,0,0,0,0
4613,0,55-66,SysselsatteArb,2016,4613,0,0,0,0,0,0,0,0,0,0,0,0,0,0,0,0,0,0
4613,0,55-66,SysselsatteArb,2017,4613,0,0,0,0,0,0,0,0,0,0,0,0,0,0,0,0,0,0
4613,0,55-66,SysselsatteArb,2018,4613,0,0,0,0,0,0,0,0,0,0,0,0,0,0,0,0,0,0
4613,0,55-66,SysselsatteArb,2019,4613,0,0,0,0,0,0,0,0,0,0,0,0,0,0,0,0,0,0
4613,0,55-66,SysselsatteArb,2020,4613,910,57,0,196,13,58,56,83,3,6,6,27,46,23,105,198,25,8
4613,0,67-74,SysselsatteArb,2008,4613,0,0,0,0,0,0,0,0,0,0,0,0,0,0,0,0,0,0
4613,0,67-74,SysselsatteArb,2009,4613,0,0,0,0,0,0,0,0,0,0,0,0,0,0,0,0,0,0
4613,0,67-74,SysselsatteArb,2010,4613,0,0,0,0,0,0,0,0,0,0,0,0,0,0,0,0,0,0
4613,0,67-74,SysselsatteArb,2011,4613,0,0,0,0,0,0,0,0,0,0,0,0,0,0,0,0,0,0
4613,0,67-74,SysselsatteArb,2012,4613,0,0,0,0,0,0,0,0,0,0,0,0,0,0,0,0,0,0
4613,0,67-74,SysselsatteArb,2013,4613,0,0,0,0,0,0,0,0,0,0,0,0,0,0,0,0,0,0
4613,0,67-74,SysselsatteArb,2014,4613,0,0,0,0,0,0,0,0,0,0,0,0,0,0,0,0,0,0
4613,0,67-74,SysselsatteArb,2015,4613,0,0,0,0,0,0,0,0,0,0,0,0,0,0,0,0,0,0
4613,0,67-74,SysselsatteArb,2016,4613,0,0,0,0,0,0,0,0,0,0,0,0,0,0,0,0,0,0
4613,0,67-74,SysselsatteArb,2017,4613,0,0,0,0,0,0,0,0,0,0,0,0,0,0,0,0,0,0
4613,0,67-74,SysselsatteArb,2018,4613,0,0,0,0,0,0,0,0,0,0,0,0,0,0,0,0,0,0
4613,0,67-74,SysselsatteArb,2019,4613,0,0,0,0,0,0,0,0,0,0,0,0,0,0,0,0,0,0
4613,0,67-74,SysselsatteArb,2020,4613,154,34,0,21,0,12,9,20,0,0,0,9,5,3,7,25,6,3
4614,0,15-74,SysselsatteArb,2008,4614,0,0,0,0,0,0,0,0,0,0,0,0,0,0,0,0,0,0
4614,0,15-74,SysselsatteArb,2009,4614,0,0,0,0,0,0,0,0,0,0,0,0,0,0,0,0,0,0
4614,0,15-74,SysselsatteArb,2010,4614,0,0,0,0,0,0,0,0,0,0,0,0,0,0,0,0,0,0
4614,0,15-74,SysselsatteArb,2011,4614,0,0,0,0,0,0,0,0,0,0,0,0,0,0,0,0,0,0
4614,0,15-74,SysselsatteArb,2012,4614,0,0,0,0,0,0,0,0,0,0,0,0,0,0,0,0,0,0
4614,0,15-74,SysselsatteArb,2013,4614,0,0,0,0,0,0,0,0,0,0,0,0,0,0,0,0,0,0
4614,0,15-74,SysselsatteArb,2014,4614,0,0,0,0,0,0,0,0,0,0,0,0,0,0,0,0,0,0
4614,0,15-74,SysselsatteArb,2015,4614,0,0,0,0,0,0,0,0,0,0,0,0,0,0,0,0,0,0
4614,0,15-74,SysselsatteArb,2016,4614,0,0,0,0,0,0,0,0,0,0,0,0,0,0,0,0,0,0
4614,0,15-74,SysselsatteArb,2017,4614,0,0,0,0,0,0,0,0,0,0,0,0,0,0,0,0,0,0
4614,0,15-74,SysselsatteArb,2018,4614,0,0,0,0,0,0,0,0,0,0,0,0,0,0,0,0,0,0
4614,0,15-74,SysselsatteArb,2019,4614,0,0,0,0,0,0,0,0,0,0,0,0,0,0,0,0,0,0
4614,0,15-74,SysselsatteArb,2020,4614,9301,38,0,2330,172,639,1009,345,350,104,39,501,217,355,786,2168,217,31
4614,0,55-66,SysselsatteArb,2008,4614,0,0,0,0,0,0,0,0,0,0,0,0,0,0,0,0,0,0
4614,0,55-66,SysselsatteArb,2009,4614,0,0,0,0,0,0,0,0,0,0,0,0,0,0,0,0,0,0
4614,0,55-66,SysselsatteArb,2010,4614,0,0,0,0,0,0,0,0,0,0,0,0,0,0,0,0,0,0
4614,0,55-66,SysselsatteArb,2011,4614,0,0,0,0,0,0,0,0,0,0,0,0,0,0,0,0,0,0
4614,0,55-66,SysselsatteArb,2012,4614,0,0,0,0,0,0,0,0,0,0,0,0,0,0,0,0,0,0
4614,0,55-66,SysselsatteArb,2013,4614,0,0,0,0,0,0,0,0,0,0,0,0,0,0,0,0,0,0
4614,0,55-66,SysselsatteArb,2014,4614,0,0,0,0,0,0,0,0,0,0,0,0,0,0,0,0,0,0
4614,0,55-66,SysselsatteArb,2015,4614,0,0,0,0,0,0,0,0,0,0,0,0,0,0,0,0,0,0
4614,0,55-66,SysselsatteArb,2016,4614,0,0,0,0,0,0,0,0,0,0,0,0,0,0,0,0,0,0
4614,0,55-66,SysselsatteArb,2017,4614,0,0,0,0,0,0,0,0,0,0,0,0,0,0,0,0,0,0
4614,0,55-66,SysselsatteArb,2018,4614,0,0,0,0,0,0,0,0,0,0,0,0,0,0,0,0,0,0
4614,0,55-66,SysselsatteArb,2019,4614,0,0,0,0,0,0,0,0,0,0,0,0,0,0,0,0,0,0
4614,0,55-66,SysselsatteArb,2020,4614,1902,10,0,624,32,95,133,79,30,22,13,96,34,73,181,412,54,14
4614,0,67-74,SysselsatteArb,2008,4614,0,0,0,0,0,0,0,0,0,0,0,0,0,0,0,0,0,0
4614,0,67-74,SysselsatteArb,2009,4614,0,0,0,0,0,0,0,0,0,0,0,0,0,0,0,0,0,0
4614,0,67-74,SysselsatteArb,2010,4614,0,0,0,0,0,0,0,0,0,0,0,0,0,0,0,0,0,0
4614,0,67-74,SysselsatteArb,2011,4614,0,0,0,0,0,0,0,0,0,0,0,0,0,0,0,0,0,0
4614,0,67-74,SysselsatteArb,2012,4614,0,0,0,0,0,0,0,0,0,0,0,0,0,0,0,0,0,0
4614,0,67-74,SysselsatteArb,2013,4614,0,0,0,0,0,0,0,0,0,0,0,0,0,0,0,0,0,0
4614,0,67-74,SysselsatteArb,2014,4614,0,0,0,0,0,0,0,0,0,0,0,0,0,0,0,0,0,0
4614,0,67-74,SysselsatteArb,2015,4614,0,0,0,0,0,0,0,0,0,0,0,0,0,0,0,0,0,0
4614,0,67-74,SysselsatteArb,2016,4614,0,0,0,0,0,0,0,0,0,0,0,0,0,0,0,0,0,0
4614,0,67-74,SysselsatteArb,2017,4614,0,0,0,0,0,0,0,0,0,0,0,0,0,0,0,0,0,0
4614,0,67-74,SysselsatteArb,2018,4614,0,0,0,0,0,0,0,0,0,0,0,0,0,0,0,0,0,0
4614,0,67-74,SysselsatteArb,2019,4614,0,0,0,0,0,0,0,0,0,0,0,0,0,0,0,0,0,0
4614,0,67-74,SysselsatteArb,2020,4614,222,10,0,21,8,15,8,18,3,4,0,40,6,3,11,47,20,8
4615,0,15-74,SysselsatteArb,2008,4615,0,0,0,0,0,0,0,0,0,0,0,0,0,0,0,0,0,0
4615,0,15-74,SysselsatteArb,2009,4615,0,0,0,0,0,0,0,0,0,0,0,0,0,0,0,0,0,0
4615,0,15-74,SysselsatteArb,2010,4615,0,0,0,0,0,0,0,0,0,0,0,0,0,0,0,0,0,0
4615,0,15-74,SysselsatteArb,2011,4615,0,0,0,0,0,0,0,0,0,0,0,0,0,0,0,0,0,0
4615,0,15-74,SysselsatteArb,2012,4615,0,0,0,0,0,0,0,0,0,0,0,0,0,0,0,0,0,0
4615,0,15-74,SysselsatteArb,2013,4615,0,0,0,0,0,0,0,0,0,0,0,0,0,0,0,0,0,0
4615,0,15-74,SysselsatteArb,2014,4615,0,0,0,0,0,0,0,0,0,0,0,0,0,0,0,0,0,0
4615,0,15-74,SysselsatteArb,2015,4615,0,0,0,0,0,0,0,0,0,0,0,0,0,0,0,0,0,0
4615,0,15-74,SysselsatteArb,2016,4615,0,0,0,0,0,0,0,0,0,0,0,0,0,0,0,0,0,0
4615,0,15-74,SysselsatteArb,2017,4615,0,0,0,0,0,0,0,0,0,0,0,0,0,0,0,0,0,0
4615,0,15-74,SysselsatteArb,2018,4615,0,0,0,0,0,0,0,0,0,0,0,0,0,0,0,0,0,0
4615,0,15-74,SysselsatteArb,2019,4615,0,0,0,0,0,0,0,0,0,0,0,0,0,0,0,0,0,0
4615,0,15-74,SysselsatteArb,2020,4615,1085,122,NA,141,15,149,85,39,15,NA,0,45,19,40,115,267,15,15
4615,0,55-66,SysselsatteArb,2008,4615,0,0,0,0,0,0,0,0,0,0,0,0,0,0,0,0,0,0
4615,0,55-66,SysselsatteArb,2009,4615,0,0,0,0,0,0,0,0,0,0,0,0,0,0,0,0,0,0
4615,0,55-66,SysselsatteArb,2010,4615,0,0,0,0,0,0,0,0,0,0,0,0,0,0,0,0,0,0
4615,0,55-66,SysselsatteArb,2011,4615,0,0,0,0,0,0,0,0,0,0,0,0,0,0,0,0,0,0
4615,0,55-66,SysselsatteArb,2012,4615,0,0,0,0,0,0,0,0,0,0,0,0,0,0,0,0,0,0
4615,0,55-66,SysselsatteArb,2013,4615,0,0,0,0,0,0,0,0,0,0,0,0,0,0,0,0,0,0
4615,0,55-66,SysselsatteArb,2014,4615,0,0,0,0,0,0,0,0,0,0,0,0,0,0,0,0,0,0
4615,0,55-66,SysselsatteArb,2015,4615,0,0,0,0,0,0,0,0,0,0,0,0,0,0,0,0,0,0
4615,0,55-66,SysselsatteArb,2016,4615,0,0,0,0,0,0,0,0,0,0,0,0,0,0,0,0,0,0
4615,0,55-66,SysselsatteArb,2017,4615,0,0,0,0,0,0,0,0,0,0,0,0,0,0,0,0,0,0
4615,0,55-66,SysselsatteArb,2018,4615,0,0,0,0,0,0,0,0,0,0,0,0,0,0,0,0,0,0
4615,0,55-66,SysselsatteArb,2019,4615,0,0,0,0,0,0,0,0,0,0,0,0,0,0,0,0,0,0
4615,0,55-66,SysselsatteArb,2020,4615,216,18,NA,29,3,28,11,6,6,NA,0,15,0,12,25,54,3,3
4615,0,67-74,SysselsatteArb,2008,4615,0,0,0,0,0,0,0,0,0,0,0,0,0,0,0,0,0,0
4615,0,67-74,SysselsatteArb,2009,4615,0,0,0,0,0,0,0,0,0,0,0,0,0,0,0,0,0,0
4615,0,67-74,SysselsatteArb,2010,4615,0,0,0,0,0,0,0,0,0,0,0,0,0,0,0,0,0,0
4615,0,67-74,SysselsatteArb,2011,4615,0,0,0,0,0,0,0,0,0,0,0,0,0,0,0,0,0,0
4615,0,67-74,SysselsatteArb,2012,4615,0,0,0,0,0,0,0,0,0,0,0,0,0,0,0,0,0,0
4615,0,67-74,SysselsatteArb,2013,4615,0,0,0,0,0,0,0,0,0,0,0,0,0,0,0,0,0,0
4615,0,67-74,SysselsatteArb,2014,4615,0,0,0,0,0,0,0,0,0,0,0,0,0,0,0,0,0,0
4615,0,67-74,SysselsatteArb,2015,4615,0,0,0,0,0,0,0,0,0,0,0,0,0,0,0,0,0,0
4615,0,67-74,SysselsatteArb,2016,4615,0,0,0,0,0,0,0,0,0,0,0,0,0,0,0,0,0,0
4615,0,67-74,SysselsatteArb,2017,4615,0,0,0,0,0,0,0,0,0,0,0,0,0,0,0,0,0,0
4615,0,67-74,SysselsatteArb,2018,4615,0,0,0,0,0,0,0,0,0,0,0,0,0,0,0,0,0,0
4615,0,67-74,SysselsatteArb,2019,4615,0,0,0,0,0,0,0,0,0,0,0,0,0,0,0,0,0,0
4615,0,67-74,SysselsatteArb,2020,4615,46,9,NA,0,0,6,3,0,0,NA,0,5,0,0,6,8,0,9
4616,0,15-74,SysselsatteArb,2008,4616,0,0,0,0,0,0,0,0,0,0,0,0,0,0,0,0,0,0
4616,0,15-74,SysselsatteArb,2009,4616,0,0,0,0,0,0,0,0,0,0,0,0,0,0,0,0,0,0
4616,0,15-74,SysselsatteArb,2010,4616,0,0,0,0,0,0,0,0,0,0,0,0,0,0,0,0,0,0
4616,0,15-74,SysselsatteArb,2011,4616,0,0,0,0,0,0,0,0,0,0,0,0,0,0,0,0,0,0
4616,0,15-74,SysselsatteArb,2012,4616,0,0,0,0,0,0,0,0,0,0,0,0,0,0,0,0,0,0
4616,0,15-74,SysselsatteArb,2013,4616,0,0,0,0,0,0,0,0,0,0,0,0,0,0,0,0,0,0
4616,0,15-74,SysselsatteArb,2014,4616,0,0,0,0,0,0,0,0,0,0,0,0,0,0,0,0,0,0
4616,0,15-74,SysselsatteArb,2015,4616,0,0,0,0,0,0,0,0,0,0,0,0,0,0,0,0,0,0
4616,0,15-74,SysselsatteArb,2016,4616,0,0,0,0,0,0,0,0,0,0,0,0,0,0,0,0,0,0
4616,0,15-74,SysselsatteArb,2017,4616,0,0,0,0,0,0,0,0,0,0,0,0,0,0,0,0,0,0
4616,0,15-74,SysselsatteArb,2018,4616,0,0,0,0,0,0,0,0,0,0,0,0,0,0,0,0,0,0
4616,0,15-74,SysselsatteArb,2019,4616,0,0,0,0,0,0,0,0,0,0,0,0,0,0,0,0,0,0
4616,0,15-74,SysselsatteArb,2020,4616,1188,231,0,49,17,119,167,68,12,NA,NA,31,31,60,79,264,30,6
4616,0,55-66,SysselsatteArb,2008,4616,0,0,0,0,0,0,0,0,0,0,0,0,0,0,0,0,0,0
4616,0,55-66,SysselsatteArb,2009,4616,0,0,0,0,0,0,0,0,0,0,0,0,0,0,0,0,0,0
4616,0,55-66,SysselsatteArb,2010,4616,0,0,0,0,0,0,0,0,0,0,0,0,0,0,0,0,0,0
4616,0,55-66,SysselsatteArb,2011,4616,0,0,0,0,0,0,0,0,0,0,0,0,0,0,0,0,0,0
4616,0,55-66,SysselsatteArb,2012,4616,0,0,0,0,0,0,0,0,0,0,0,0,0,0,0,0,0,0
4616,0,55-66,SysselsatteArb,2013,4616,0,0,0,0,0,0,0,0,0,0,0,0,0,0,0,0,0,0
4616,0,55-66,SysselsatteArb,2014,4616,0,0,0,0,0,0,0,0,0,0,0,0,0,0,0,0,0,0
4616,0,55-66,SysselsatteArb,2015,4616,0,0,0,0,0,0,0,0,0,0,0,0,0,0,0,0,0,0
4616,0,55-66,SysselsatteArb,2016,4616,0,0,0,0,0,0,0,0,0,0,0,0,0,0,0,0,0,0
4616,0,55-66,SysselsatteArb,2017,4616,0,0,0,0,0,0,0,0,0,0,0,0,0,0,0,0,0,0
4616,0,55-66,SysselsatteArb,2018,4616,0,0,0,0,0,0,0,0,0,0,0,0,0,0,0,0,0,0
4616,0,55-66,SysselsatteArb,2019,4616,0,0,0,0,0,0,0,0,0,0,0,0,0,0,0,0,0,0
4616,0,55-66,SysselsatteArb,2020,4616,244,48,0,7,3,24,33,13,0,NA,NA,8,8,12,23,54,6,0
4616,0,67-74,SysselsatteArb,2008,4616,0,0,0,0,0,0,0,0,0,0,0,0,0,0,0,0,0,0
4616,0,67-74,SysselsatteArb,2009,4616,0,0,0,0,0,0,0,0,0,0,0,0,0,0,0,0,0,0
4616,0,67-74,SysselsatteArb,2010,4616,0,0,0,0,0,0,0,0,0,0,0,0,0,0,0,0,0,0
4616,0,67-74,SysselsatteArb,2011,4616,0,0,0,0,0,0,0,0,0,0,0,0,0,0,0,0,0,0
4616,0,67-74,SysselsatteArb,2012,4616,0,0,0,0,0,0,0,0,0,0,0,0,0,0,0,0,0,0
4616,0,67-74,SysselsatteArb,2013,4616,0,0,0,0,0,0,0,0,0,0,0,0,0,0,0,0,0,0
4616,0,67-74,SysselsatteArb,2014,4616,0,0,0,0,0,0,0,0,0,0,0,0,0,0,0,0,0,0
4616,0,67-74,SysselsatteArb,2015,4616,0,0,0,0,0,0,0,0,0,0,0,0,0,0,0,0,0,0
4616,0,67-74,SysselsatteArb,2016,4616,0,0,0,0,0,0,0,0,0,0,0,0,0,0,0,0,0,0
4616,0,67-74,SysselsatteArb,2017,4616,0,0,0,0,0,0,0,0,0,0,0,0,0,0,0,0,0,0
4616,0,67-74,SysselsatteArb,2018,4616,0,0,0,0,0,0,0,0,0,0,0,0,0,0,0,0,0,0
4616,0,67-74,SysselsatteArb,2019,4616,0,0,0,0,0,0,0,0,0,0,0,0,0,0,0,0,0,0
4616,0,67-74,SysselsatteArb,2020,4616,77,25,0,3,3,8,8,3,0,NA,NA,4,0,3,3,11,3,3
4617,0,15-74,SysselsatteArb,2008,4617,0,0,0,0,0,0,0,0,0,0,0,0,0,0,0,0,0,0
4617,0,15-74,SysselsatteArb,2009,4617,0,0,0,0,0,0,0,0,0,0,0,0,0,0,0,0,0,0
4617,0,15-74,SysselsatteArb,2010,4617,0,0,0,0,0,0,0,0,0,0,0,0,0,0,0,0,0,0
4617,0,15-74,SysselsatteArb,2011,4617,0,0,0,0,0,0,0,0,0,0,0,0,0,0,0,0,0,0
4617,0,15-74,SysselsatteArb,2012,4617,0,0,0,0,0,0,0,0,0,0,0,0,0,0,0,0,0,0
4617,0,15-74,SysselsatteArb,2013,4617,0,0,0,0,0,0,0,0,0,0,0,0,0,0,0,0,0,0
4617,0,15-74,SysselsatteArb,2014,4617,0,0,0,0,0,0,0,0,0,0,0,0,0,0,0,0,0,0
4617,0,15-74,SysselsatteArb,2015,4617,0,0,0,0,0,0,0,0,0,0,0,0,0,0,0,0,0,0
4617,0,15-74,SysselsatteArb,2016,4617,0,0,0,0,0,0,0,0,0,0,0,0,0,0,0,0,0,0
4617,0,15-74,SysselsatteArb,2017,4617,0,0,0,0,0,0,0,0,0,0,0,0,0,0,0,0,0,0
4617,0,15-74,SysselsatteArb,2018,4617,0,0,0,0,0,0,0,0,0,0,0,0,0,0,0,0,0,0
4617,0,15-74,SysselsatteArb,2019,4617,0,0,0,0,0,0,0,0,0,0,0,0,0,0,0,0,0,0
4617,0,15-74,SysselsatteArb,2020,4617,5808,416,NA,1012,106,556,541,221,113,63,16,161,156,201,477,1577,134,NA
4617,0,55-66,SysselsatteArb,2008,4617,0,0,0,0,0,0,0,0,0,0,0,0,0,0,0,0,0,0
4617,0,55-66,SysselsatteArb,2009,4617,0,0,0,0,0,0,0,0,0,0,0,0,0,0,0,0,0,0
4617,0,55-66,SysselsatteArb,2010,4617,0,0,0,0,0,0,0,0,0,0,0,0,0,0,0,0,0,0
4617,0,55-66,SysselsatteArb,2011,4617,0,0,0,0,0,0,0,0,0,0,0,0,0,0,0,0,0,0
4617,0,55-66,SysselsatteArb,2012,4617,0,0,0,0,0,0,0,0,0,0,0,0,0,0,0,0,0,0
4617,0,55-66,SysselsatteArb,2013,4617,0,0,0,0,0,0,0,0,0,0,0,0,0,0,0,0,0,0
4617,0,55-66,SysselsatteArb,2014,4617,0,0,0,0,0,0,0,0,0,0,0,0,0,0,0,0,0,0
4617,0,55-66,SysselsatteArb,2015,4617,0,0,0,0,0,0,0,0,0,0,0,0,0,0,0,0,0,0
4617,0,55-66,SysselsatteArb,2016,4617,0,0,0,0,0,0,0,0,0,0,0,0,0,0,0,0,0,0
4617,0,55-66,SysselsatteArb,2017,4617,0,0,0,0,0,0,0,0,0,0,0,0,0,0,0,0,0,0
4617,0,55-66,SysselsatteArb,2018,4617,0,0,0,0,0,0,0,0,0,0,0,0,0,0,0,0,0,0
4617,0,55-66,SysselsatteArb,2019,4617,0,0,0,0,0,0,0,0,0,0,0,0,0,0,0,0,0,0
4617,0,55-66,SysselsatteArb,2020,4617,1229,81,NA,232,33,91,84,48,11,7,9,43,39,38,109,343,39,NA
4617,0,67-74,SysselsatteArb,2008,4617,0,0,0,0,0,0,0,0,0,0,0,0,0,0,0,0,0,0
4617,0,67-74,SysselsatteArb,2009,4617,0,0,0,0,0,0,0,0,0,0,0,0,0,0,0,0,0,0
4617,0,67-74,SysselsatteArb,2010,4617,0,0,0,0,0,0,0,0,0,0,0,0,0,0,0,0,0,0
4617,0,67-74,SysselsatteArb,2011,4617,0,0,0,0,0,0,0,0,0,0,0,0,0,0,0,0,0,0
4617,0,67-74,SysselsatteArb,2012,4617,0,0,0,0,0,0,0,0,0,0,0,0,0,0,0,0,0,0
4617,0,67-74,SysselsatteArb,2013,4617,0,0,0,0,0,0,0,0,0,0,0,0,0,0,0,0,0,0
4617,0,67-74,SysselsatteArb,2014,4617,0,0,0,0,0,0,0,0,0,0,0,0,0,0,0,0,0,0
4617,0,67-74,SysselsatteArb,2015,4617,0,0,0,0,0,0,0,0,0,0,0,0,0,0,0,0,0,0
4617,0,67-74,SysselsatteArb,2016,4617,0,0,0,0,0,0,0,0,0,0,0,0,0,0,0,0,0,0
4617,0,67-74,SysselsatteArb,2017,4617,0,0,0,0,0,0,0,0,0,0,0,0,0,0,0,0,0,0
4617,0,67-74,SysselsatteArb,2018,4617,0,0,0,0,0,0,0,0,0,0,0,0,0,0,0,0,0,0
4617,0,67-74,SysselsatteArb,2019,4617,0,0,0,0,0,0,0,0,0,0,0,0,0,0,0,0,0,0
4617,0,67-74,SysselsatteArb,2020,4617,235,52,NA,21,3,21,11,10,0,6,0,21,4,3,8,46,13,NA
4618,0,15-74,SysselsatteArb,2008,4618,0,0,0,0,0,0,0,0,0,0,0,0,0,0,0,0,0,0
4618,0,15-74,SysselsatteArb,2009,4618,0,0,0,0,0,0,0,0,0,0,0,0,0,0,0,0,0,0
4618,0,15-74,SysselsatteArb,2010,4618,0,0,0,0,0,0,0,0,0,0,0,0,0,0,0,0,0,0
4618,0,15-74,SysselsatteArb,2011,4618,0,0,0,0,0,0,0,0,0,0,0,0,0,0,0,0,0,0
4618,0,15-74,SysselsatteArb,2012,4618,0,0,0,0,0,0,0,0,0,0,0,0,0,0,0,0,0,0
4618,0,15-74,SysselsatteArb,2013,4618,0,0,0,0,0,0,0,0,0,0,0,0,0,0,0,0,0,0
4618,0,15-74,SysselsatteArb,2014,4618,0,0,0,0,0,0,0,0,0,0,0,0,0,0,0,0,0,0
4618,0,15-74,SysselsatteArb,2015,4618,0,0,0,0,0,0,0,0,0,0,0,0,0,0,0,0,0,0
4618,0,15-74,SysselsatteArb,2016,4618,0,0,0,0,0,0,0,0,0,0,0,0,0,0,0,0,0,0
4618,0,15-74,SysselsatteArb,2017,4618,0,0,0,0,0,0,0,0,0,0,0,0,0,0,0,0,0,0
4618,0,15-74,SysselsatteArb,2018,4618,0,0,0,0,0,0,0,0,0,0,0,0,0,0,0,0,0,0
4618,0,15-74,SysselsatteArb,2019,4618,0,0,0,0,0,0,0,0,0,0,0,0,0,0,0,0,0,0
4618,0,15-74,SysselsatteArb,2020,4618,5291,219,6,984,126,569,492,301,194,38,NA,259,105,189,385,1262,121,NA
4618,0,55-66,SysselsatteArb,2008,4618,0,0,0,0,0,0,0,0,0,0,0,0,0,0,0,0,0,0
4618,0,55-66,SysselsatteArb,2009,4618,0,0,0,0,0,0,0,0,0,0,0,0,0,0,0,0,0,0
4618,0,55-66,SysselsatteArb,2010,4618,0,0,0,0,0,0,0,0,0,0,0,0,0,0,0,0,0,0
4618,0,55-66,SysselsatteArb,2011,4618,0,0,0,0,0,0,0,0,0,0,0,0,0,0,0,0,0,0
4618,0,55-66,SysselsatteArb,2012,4618,0,0,0,0,0,0,0,0,0,0,0,0,0,0,0,0,0,0
4618,0,55-66,SysselsatteArb,2013,4618,0,0,0,0,0,0,0,0,0,0,0,0,0,0,0,0,0,0
4618,0,55-66,SysselsatteArb,2014,4618,0,0,0,0,0,0,0,0,0,0,0,0,0,0,0,0,0,0
4618,0,55-66,SysselsatteArb,2015,4618,0,0,0,0,0,0,0,0,0,0,0,0,0,0,0,0,0,0
4618,0,55-66,SysselsatteArb,2016,4618,0,0,0,0,0,0,0,0,0,0,0,0,0,0,0,0,0,0
4618,0,55-66,SysselsatteArb,2017,4618,0,0,0,0,0,0,0,0,0,0,0,0,0,0,0,0,0,0
4618,0,55-66,SysselsatteArb,2018,4618,0,0,0,0,0,0,0,0,0,0,0,0,0,0,0,0,0,0
4618,0,55-66,SysselsatteArb,2019,4618,0,0,0,0,0,0,0,0,0,0,0,0,0,0,0,0,0,0
4618,0,55-66,SysselsatteArb,2020,4618,1289,62,0,240,41,106,95,91,14,9,NA,62,31,55,92,343,31,NA
4618,0,67-74,SysselsatteArb,2008,4618,0,0,0,0,0,0,0,0,0,0,0,0,0,0,0,0,0,0
4618,0,67-74,SysselsatteArb,2009,4618,0,0,0,0,0,0,0,0,0,0,0,0,0,0,0,0,0,0
4618,0,67-74,SysselsatteArb,2010,4618,0,0,0,0,0,0,0,0,0,0,0,0,0,0,0,0,0,0
4618,0,67-74,SysselsatteArb,2011,4618,0,0,0,0,0,0,0,0,0,0,0,0,0,0,0,0,0,0
4618,0,67-74,SysselsatteArb,2012,4618,0,0,0,0,0,0,0,0,0,0,0,0,0,0,0,0,0,0
4618,0,67-74,SysselsatteArb,2013,4618,0,0,0,0,0,0,0,0,0,0,0,0,0,0,0,0,0,0
4618,0,67-74,SysselsatteArb,2014,4618,0,0,0,0,0,0,0,0,0,0,0,0,0,0,0,0,0,0
4618,0,67-74,SysselsatteArb,2015,4618,0,0,0,0,0,0,0,0,0,0,0,0,0,0,0,0,0,0
4618,0,67-74,SysselsatteArb,2016,4618,0,0,0,0,0,0,0,0,0,0,0,0,0,0,0,0,0,0
4618,0,67-74,SysselsatteArb,2017,4618,0,0,0,0,0,0,0,0,0,0,0,0,0,0,0,0,0,0
4618,0,67-74,SysselsatteArb,2018,4618,0,0,0,0,0,0,0,0,0,0,0,0,0,0,0,0,0,0
4618,0,67-74,SysselsatteArb,2019,4618,0,0,0,0,0,0,0,0,0,0,0,0,0,0,0,0,0,0
4618,0,67-74,SysselsatteArb,2020,4618,238,46,0,13,0,34,14,35,9,0,NA,19,0,3,10,40,7,NA
4611,0,15-74,SysselsatteArb,2008,1211,1648,221,11,139,44,204,219,49,61,19,23,39,152,49,110,264,27,17
4611,0,15-74,SysselsatteArb,2009,1211,1673,206,10,142,46,211,217,47,54,23,25,37,149,49,110,303,28,16
4611,0,15-74,SysselsatteArb,2010,1211,1621,215,11,135,46,214,225,42,67,20,26,36,87,42,121,283,32,19
4611,0,15-74,SysselsatteArb,2011,1211,1775,234,10,139,45,224,226,39,65,26,30,38,169,45,117,318,31,19
4611,0,15-74,SysselsatteArb,2012,1211,1665,179,11,148,42,233,229,42,44,29,26,42,122,51,122,303,29,13
4611,0,15-74,SysselsatteArb,2013,1211,1651,157,14,152,44,231,191,33,65,26,22,52,100,57,124,334,35,14
4611,0,15-74,SysselsatteArb,2014,1211,1702,156,16,160,45,245,191,42,76,24,24,45,108,57,130,335,31,17
4611,0,15-74,SysselsatteArb,2015,1211,1686,152,13,169,47,252,178,54,59,24,20,40,102,62,119,338,40,17
4611,0,15-74,SysselsatteArb,2016,1211,1671,154,12,173,43,248,192,50,62,26,17,45,87,64,122,318,37,21
4611,0,15-74,SysselsatteArb,2017,1211,1656,168,13,189,27,275,191,44,61,27,20,42,65,55,106,319,34,20
4611,0,15-74,SysselsatteArb,2018,1211,1618,171,14,173,25,275,175,46,58,25,18,45,64,49,108,322,32,18
4611,0,15-74,SysselsatteArb,2019,1211,1656,176,13,192,23,250,199,48,46,21,21,48,78,57,104,333,30,17
4611,0,15-74,SysselsatteArb,2020,1211,0,0,0,0,0,0,0,0,0,0,0,0,0,0,0,0,0,0
4611,0,55-66,SysselsatteArb,2008,1211,318,45,5,22,7,40,31,15,3,3,7,4,15,18,26,68,6,3
4611,0,55-66,SysselsatteArb,2009,1211,318,43,4,29,9,39,27,11,3,3,6,9,10,16,27,72,6,4
4611,0,55-66,SysselsatteArb,2010,1211,340,51,4,26,13,43,32,7,6,3,8,6,13,17,29,68,6,8
4611,0,55-66,SysselsatteArb,2011,1211,347,43,3,35,12,44,29,6,5,3,8,6,13,17,31,77,8,7
4611,0,55-66,SysselsatteArb,2012,1211,338,38,4,33,11,41,34,6,4,0,9,9,11,20,35,75,4,4
4611,0,55-66,SysselsatteArb,2013,1211,335,31,4,31,9,41,27,6,11,3,8,10,10,18,37,76,8,5
4611,0,55-66,SysselsatteArb,2014,1211,340,27,4,34,9,45,30,6,5,3,7,6,13,17,38,80,8,8
4611,0,55-66,SysselsatteArb,2015,1211,352,37,3,34,4,47,29,8,7,6,7,9,15,19,36,76,9,6
4611,0,55-66,SysselsatteArb,2016,1211,363,38,3,33,9,53,32,3,5,6,8,11,14,20,37,75,10,6
4611,0,55-66,SysselsatteArb,2017,1211,351,35,3,35,3,51,36,11,8,7,8,12,10,17,30,70,8,7
4611,0,55-66,SysselsatteArb,2018,1211,339,40,3,35,3,60,31,13,3,6,5,12,10,14,23,69,6,6
4611,0,55-66,SysselsatteArb,2019,1211,349,40,3,33,4,53,33,11,9,6,5,12,14,18,21,76,3,8
4611,0,55-66,SysselsatteArb,2020,1211,0,0,0,0,0,0,0,0,0,0,0,0,0,0,0,0,0,0
4611,0,67-74,SysselsatteArb,2008,1211,66,24,3,0,3,6,3,0,3,0,0,6,0,0,3,12,0,3
4611,0,67-74,SysselsatteArb,2009,1211,80,21,0,0,3,10,7,7,0,3,3,4,0,3,3,16,0,0
4611,0,67-74,SysselsatteArb,2010,1211,66,18,0,0,0,7,5,4,0,3,3,3,0,0,3,17,3,0
4611,0,67-74,SysselsatteArb,2011,1211,75,26,0,3,3,7,3,5,3,0,0,3,0,0,0,16,3,3
4611,0,67-74,SysselsatteArb,2012,1211,81,31,0,7,3,8,3,6,0,3,0,0,0,0,3,14,0,3
4611,0,67-74,SysselsatteArb,2013,1211,82,28,0,3,6,8,3,3,0,0,0,3,3,3,6,10,3,3
4611,0,67-74,SysselsatteArb,2014,1211,96,33,3,4,3,14,3,4,6,3,0,3,3,0,9,5,0,3
4611,0,67-74,SysselsatteArb,2015,1211,67,21,0,4,3,12,3,4,0,0,0,3,3,0,3,7,0,4
4611,0,67-74,SysselsatteArb,2016,1211,60,20,0,3,0,14,0,3,0,0,0,0,3,0,7,4,0,6
4611,0,67-74,SysselsatteArb,2017,1211,63,22,0,4,0,19,0,0,0,0,0,3,0,0,5,7,0,3
4611,0,67-74,SysselsatteArb,2018,1211,60,14,0,4,0,17,0,0,3,0,0,3,3,0,3,7,3,3
4611,0,67-74,SysselsatteArb,2019,1211,79,17,3,6,0,20,6,5,0,0,0,3,6,3,0,10,0,0
4611,0,67-74,SysselsatteArb,2020,1211,0,0,0,0,0,0,0,0,0,0,0,0,0,0,0,0,0,0
4612,0,15-74,SysselsatteArb,2008,1216,1362,188,0,48,3,228,107,69,6,24,3,12,15,67,172,355,50,15
4612,0,15-74,SysselsatteArb,2009,1216,1387,193,3,50,6,205,100,81,18,16,3,26,16,68,164,383,46,9
4612,0,15-74,SysselsatteArb,2010,1216,1357,170,0,52,3,214,97,81,12,23,3,15,20,66,155,383,45,18
4612,0,15-74,SysselsatteArb,2011,1216,1358,178,0,54,3,195,109,68,16,20,4,15,25,61,161,377,53,19
4612,0,15-74,SysselsatteArb,2012,1216,1386,200,3,41,3,164,134,61,15,17,0,9,32,67,158,411,54,17
4612,0,15-74,SysselsatteArb,2013,1216,1448,194,3,41,3,223,137,63,13,12,3,9,24,63,159,434,52,15
4612,0,15-74,SysselsatteArb,2014,1216,1439,159,0,42,3,227,140,86,11,9,3,12,27,53,170,431,49,17
4612,0,15-74,SysselsatteArb,2015,1216,1519,224,0,39,6,237,140,84,9,6,0,12,30,55,173,422,57,25
4612,0,15-74,SysselsatteArb,2016,1216,1516,199,0,30,6,229,158,81,20,6,0,14,19,62,173,437,54,28
4612,0,15-74,SysselsatteArb,2017,1216,1495,209,0,45,6,220,145,83,17,3,0,12,17,62,185,414,55,22
4612,0,15-74,SysselsatteArb,2018,1216,1516,192,0,44,6,235,141,90,9,6,0,23,33,48,190,421,58,20
4612,0,15-74,SysselsatteArb,2019,1216,1523,198,0,48,3,231,142,94,15,9,0,22,35,52,178,414,55,27
4612,0,15-74,SysselsatteArb,2020,1216,0,0,0,0,0,0,0,0,0,0,0,0,0,0,0,0,0,0
4612,0,55-66,SysselsatteArb,2008,1216,280,60,0,16,0,22,16,18,0,3,3,0,6,19,34,72,8,3
4612,0,55-66,SysselsatteArb,2009,1216,283,61,0,17,3,26,14,16,0,0,3,3,6,21,35,71,7,0
4612,0,55-66,SysselsatteArb,2010,1216,308,51,0,19,3,27,17,12,0,7,3,3,10,21,38,87,6,4
4612,0,55-66,SysselsatteArb,2011,1216,302,45,0,14,3,27,17,15,0,6,4,3,5,21,38,90,11,3
4612,0,55-66,SysselsatteArb,2012,1216,304,49,0,13,3,25,20,11,3,3,0,0,8,19,46,94,7,3
4612,0,55-66,SysselsatteArb,2013,1216,296,42,0,10,3,32,17,11,0,0,3,3,7,17,46,91,8,6
4612,0,55-66,SysselsatteArb,2014,1216,289,34,0,10,3,30,19,15,3,3,0,0,9,12,41,92,11,7
4612,0,55-66,SysselsatteArb,2015,1216,287,41,0,9,3,29,20,8,0,3,0,9,8,12,38,90,10,7
4612,0,55-66,SysselsatteArb,2016,1216,285,39,0,6,3,28,20,14,0,3,0,3,6,12,39,93,12,7
4612,0,55-66,SysselsatteArb,2017,1216,275,37,0,8,3,36,19,14,0,0,0,3,8,10,37,80,14,6
4612,0,55-66,SysselsatteArb,2018,1216,269,33,0,11,3,35,21,13,0,0,0,0,6,11,40,71,19,6
4612,0,55-66,SysselsatteArb,2019,1216,259,27,0,11,0,34,17,15,0,3,0,4,9,12,36,67,16,8
4612,0,55-66,SysselsatteArb,2020,1216,0,0,0,0,0,0,0,0,0,0,0,0,0,0,0,0,0,0
4612,0,67-74,SysselsatteArb,2008,1216,43,15,0,3,0,5,3,0,0,0,0,0,0,3,3,5,3,3
4612,0,67-74,SysselsatteArb,2009,1216,38,15,0,0,0,3,3,0,0,3,0,3,0,0,0,5,3,3
4612,0,67-74,SysselsatteArb,2010,1216,45,17,0,3,0,4,6,3,0,0,0,3,0,3,0,6,0,0
4612,0,67-74,SysselsatteArb,2011,1216,43,17,0,6,0,3,6,0,0,0,0,3,0,0,0,5,0,3
4612,0,67-74,SysselsatteArb,2012,1216,61,22,0,3,0,3,8,3,0,3,0,3,3,3,0,4,3,3
4612,0,67-74,SysselsatteArb,2013,1216,54,25,0,5,0,7,3,0,0,3,0,3,0,0,0,8,0,0
4612,0,67-74,SysselsatteArb,2014,1216,55,22,0,6,0,3,3,3,0,3,0,3,0,0,3,9,0,0
4612,0,67-74,SysselsatteArb,2015,1216,59,24,0,4,0,5,6,4,3,0,0,0,0,0,0,10,0,3
4612,0,67-74,SysselsatteArb,2016,1216,76,30,0,0,0,7,8,4,3,0,0,3,0,3,3,11,0,4
4612,0,67-74,SysselsatteArb,2017,1216,78,28,0,7,0,7,4,6,3,0,0,3,0,0,3,14,0,3
4612,0,67-74,SysselsatteArb,2018,1216,69,26,0,0,0,7,3,6,3,0,0,8,3,0,3,10,0,0
4612,0,67-74,SysselsatteArb,2019,1216,86,29,0,0,0,11,3,8,0,0,0,4,0,0,3,17,6,5
4612,0,67-74,SysselsatteArb,2020,1216,0,0,0,0,0,0,0,0,0,0,0,0,0,0,0,0,0,0
4613,0,15-74,SysselsatteArb,2008,1219,4845,324,8,1303,43,397,463,554,74,14,25,94,89,104,402,789,129,33
4613,0,15-74,SysselsatteArb,2009,1219,4831,324,7,1274,44,413,447,536,54,14,29,97,76,111,397,863,120,25
4613,0,15-74,SysselsatteArb,2010,1219,4819,315,8,1201,45,393,446,500,49,24,35,106,100,110,438,912,111,26
4613,0,15-74,SysselsatteArb,2011,1219,4865,298,0,1138,45,430,461,384,63,18,25,111,225,124,452,957,107,27
4613,0,15-74,SysselsatteArb,2012,1219,4885,292,0,1165,46,426,468,412,52,26,18,111,207,127,462,946,103,24
4613,0,15-74,SysselsatteArb,2013,1219,4872,294,0,1141,47,460,449,409,52,16,22,120,209,127,454,947,104,21
4613,0,15-74,SysselsatteArb,2014,1219,4890,309,0,1121,56,439,473,376,56,20,20,124,178,136,461,978,127,16
4613,0,15-74,SysselsatteArb,2015,1219,4695,302,0,1103,53,425,430,341,58,23,17,99,143,120,475,943,118,45
4613,0,15-74,SysselsatteArb,2016,1219,4662,318,0,1032,55,436,440,345,68,19,12,103,140,124,474,936,131,29
4613,0,15-74,SysselsatteArb,2017,1219,4790,342,0,1045,55,454,436,363,66,17,13,98,148,145,471,967,133,37
4613,0,15-74,SysselsatteArb,2018,1219,4885,337,0,1061,55,551,450,351,58,33,16,95,149,133,466,974,128,28
4613,0,15-74,SysselsatteArb,2019,1219,4887,321,0,1121,55,526,398,354,74,30,16,115,154,144,461,960,133,25
4613,0,15-74,SysselsatteArb,2020,1219,0,0,0,0,0,0,0,0,0,0,0,0,0,0,0,0,0,0
4613,0,55-66,SysselsatteArb,2008,1219,886,81,0,168,9,28,74,103,6,0,7,34,24,31,116,174,21,10
4613,0,55-66,SysselsatteArb,2009,1219,897,74,0,168,10,32,78,108,8,0,7,35,22,27,116,184,20,8
4613,0,55-66,SysselsatteArb,2010,1219,936,71,0,169,15,29,80,100,8,6,9,37,25,24,120,214,21,8
4613,0,55-66,SysselsatteArb,2011,1219,939,65,0,167,14,41,78,82,13,3,12,41,42,22,115,214,24,6
4613,0,55-66,SysselsatteArb,2012,1219,952,57,0,184,16,40,77,82,12,3,9,43,45,26,116,212,23,7
4613,0,55-66,SysselsatteArb,2013,1219,955,57,0,182,17,46,80,79,11,3,10,41,43,29,109,211,26,11
4613,0,55-66,SysselsatteArb,2014,1219,958,60,0,185,16,42,77,74,8,3,11,35,41,29,119,222,29,7
4613,0,55-66,SysselsatteArb,2015,1219,943,60,0,198,15,45,69,78,8,3,11,31,35,21,120,208,25,16
4613,0,55-66,SysselsatteArb,2016,1219,906,64,0,180,17,43,66,73,9,0,9,25,34,21,124,204,29,8
4613,0,55-66,SysselsatteArb,2017,1219,916,59,0,180,15,50,63,79,9,3,7,21,34,26,123,207,29,11
4613,0,55-66,SysselsatteArb,2018,1219,917,61,0,179,15,60,68,85,6,6,6,27,37,24,116,194,24,9
4613,0,55-66,SysselsatteArb,2019,1219,931,52,0,190,16,58,67,91,0,6,7,29,41,23,113,205,25,8
4613,0,55-66,SysselsatteArb,2020,1219,0,0,0,0,0,0,0,0,0,0,0,0,0,0,0,0,0,0
4613,0,67-74,SysselsatteArb,2008,1219,94,21,0,10,0,8,11,10,3,0,0,3,4,0,6,11,3,4
4613,0,67-74,SysselsatteArb,2009,1219,101,26,0,10,0,9,7,11,0,0,3,6,4,0,3,13,6,3
4613,0,67-74,SysselsatteArb,2010,1219,93,28,0,10,0,8,10,9,0,0,0,4,3,3,3,9,3,3
4613,0,67-74,SysselsatteArb,2011,1219,120,29,0,13,0,6,14,12,0,0,0,3,6,3,4,22,4,4
4613,0,67-74,SysselsatteArb,2012,1219,126,31,0,12,0,3,15,11,0,3,3,3,4,3,7,20,3,8
4613,0,67-74,SysselsatteArb,2013,1219,137,34,0,13,0,3,10,13,3,0,3,7,8,4,3,26,6,4
4613,0,67-74,SysselsatteArb,2014,1219,125,28,0,12,3,4,12,14,3,0,3,4,5,6,4,14,10,3
4613,0,67-74,SysselsatteArb,2015,1219,124,24,0,11,0,4,9,9,3,0,3,4,4,0,3,31,10,9
4613,0,67-74,SysselsatteArb,2016,1219,120,31,0,10,0,3,6,9,3,0,0,5,3,0,6,28,7,9
4613,0,67-74,SysselsatteArb,2017,1219,140,33,0,11,0,5,10,15,4,0,0,5,3,3,8,27,9,7
4613,0,67-74,SysselsatteArb,2018,1219,159,31,0,24,3,6,11,17,3,0,0,7,4,3,6,27,10,7
4613,0,67-74,SysselsatteArb,2019,1219,151,38,0,20,0,10,6,19,6,0,0,10,3,3,3,22,8,3
4613,0,67-74,SysselsatteArb,2020,1219,0,0,0,0,0,0,0,0,0,0,0,0,0,0,0,0,0,0
4614,0,15-74,SysselsatteArb,2008,1221,9629,64,0,2684,155,572,1180,366,374,134,71,412,290,497,798,1791,216,25
4614,0,15-74,SysselsatteArb,2009,1221,9523,63,3,2533,162,591,1186,317,353,155,71,495,235,410,804,1918,202,25
4614,0,15-74,SysselsatteArb,2010,1221,9161,58,6,2306,166,496,1181,314,314,158,67,448,175,427,798,2006,207,34
4614,0,15-74,SysselsatteArb,2011,1221,9228,54,12,2329,174,575,1132,315,289,159,55,467,158,410,806,2063,204,26
4614,0,15-74,SysselsatteArb,2012,1221,9354,57,0,2401,176,580,1105,324,289,148,60,521,211,419,763,2077,197,26
4614,0,15-74,SysselsatteArb,2013,1221,9685,55,0,2628,167,573,1146,322,366,146,63,545,207,397,798,2038,202,32
4614,0,15-74,SysselsatteArb,2014,1221,9938,55,0,2794,169,628,1178,333,423,138,58,516,217,401,807,1986,197,38
4614,0,15-74,SysselsatteArb,2015,1221,9656,49,0,2672,151,663,1090,312,323,120,63,479,198,392,787,2047,225,85
4614,0,15-74,SysselsatteArb,2016,1221,9188,50,0,2269,115,630,1080,292,294,109,47,498,155,389,820,2162,208,70
4614,0,15-74,SysselsatteArb,2017,1221,9409,52,0,2251,114,684,1069,348,347,114,45,523,207,398,797,2163,238,59
4614,0,15-74,SysselsatteArb,2018,1221,9462,46,0,2295,122,644,1074,349,339,106,42,554,212,416,787,2201,229,46
4614,0,15-74,SysselsatteArb,2019,1221,9456,42,0,2355,130,642,1073,352,390,103,40,496,233,368,774,2183,224,51
4614,0,15-74,SysselsatteArb,2020,1221,0,0,0,0,0,0,0,0,0,0,0,0,0,0,0,0,0,0
4614,0,55-66,SysselsatteArb,2008,1221,1700,16,0,420,32,62,128,67,24,20,21,107,35,117,243,369,30,9
4614,0,55-66,SysselsatteArb,2009,1221,1726,18,0,429,39,73,122,65,24,24,25,133,37,91,240,362,34,10
4614,0,55-66,SysselsatteArb,2010,1221,1692,17,0,418,44,65,131,63,21,21,24,119,25,88,237,369,33,17
4614,0,55-66,SysselsatteArb,2011,1221,1741,15,0,423,48,74,118,68,19,24,17,120,30,96,247,384,44,14
4614,0,55-66,SysselsatteArb,2012,1221,1802,15,0,457,47,83,121,68,23,27,16,135,39,81,234,396,44,16
4614,0,55-66,SysselsatteArb,2013,1221,1815,13,0,491,42,81,124,71,24,28,16,129,38,71,246,384,43,14
4614,0,55-66,SysselsatteArb,2014,1221,1850,10,0,529,42,83,133,70,23,31,15,122,39,66,243,382,47,15
4614,0,55-66,SysselsatteArb,2015,1221,1824,12,0,511,42,88,131,64,20,25,15,107,36,73,232,395,48,25
4614,0,55-66,SysselsatteArb,2016,1221,1723,9,0,470,33,88,133,61,17,20,16,107,20,75,226,387,41,20
4614,0,55-66,SysselsatteArb,2017,1221,1842,13,0,509,34,98,133,87,26,19,19,113,38,76,209,404,48,16
4614,0,55-66,SysselsatteArb,2018,1221,1850,13,0,544,36,93,128,85,25,21,15,118,37,66,199,399,56,15
4614,0,55-66,SysselsatteArb,2019,1221,1903,12,0,600,31,96,136,83,29,21,15,107,49,70,184,404,53,13
4614,0,55-66,SysselsatteArb,2020,1221,0,0,0,0,0,0,0,0,0,0,0,0,0,0,0,0,0,0
4614,0,67-74,SysselsatteArb,2008,1221,146,13,0,18,3,8,12,9,4,0,0,16,0,5,20,32,3,3
4614,0,67-74,SysselsatteArb,2009,1221,154,10,0,15,0,7,13,9,6,0,0,19,0,7,18,41,6,3
4614,0,67-74,SysselsatteArb,2010,1221,163,10,0,10,0,7,12,14,3,3,0,20,3,6,19,46,7,3
4614,0,67-74,SysselsatteArb,2011,1221,172,5,0,12,0,9,15,11,6,4,0,20,0,7,19,54,7,3
4614,0,67-74,SysselsatteArb,2012,1221,184,12,0,20,0,8,20,10,6,3,0,22,3,8,15,49,8,0
4614,0,67-74,SysselsatteArb,2013,1221,209,17,0,26,0,9,20,11,3,5,0,29,5,12,17,38,11,6
4614,0,67-74,SysselsatteArb,2014,1221,225,15,0,30,3,11,17,13,6,4,0,26,4,13,21,37,16,9
4614,0,67-74,SysselsatteArb,2015,1221,204,10,0,34,0,5,15,10,3,3,0,23,3,16,11,35,11,25
4614,0,67-74,SysselsatteArb,2016,1221,229,11,0,22,3,6,13,8,3,3,0,28,4,22,17,53,14,22
4614,0,67-74,SysselsatteArb,2017,1221,233,12,0,20,3,11,17,10,6,5,0,23,5,12,20,53,18,18
4614,0,67-74,SysselsatteArb,2018,1221,228,8,0,21,3,7,20,12,3,5,0,32,5,11,16,56,14,15
4614,0,67-74,SysselsatteArb,2019,1221,237,10,0,23,6,10,19,18,7,5,0,29,4,5,17,54,17,13
4614,0,67-74,SysselsatteArb,2020,1221,0,0,0,0,0,0,0,0,0,0,0,0,0,0,0,0,0,0
4615,0,15-74,SysselsatteArb,2008,1222,1147,69,3,142,31,184,108,46,18,3,3,127,21,47,124,193,18,10
4615,0,15-74,SysselsatteArb,2009,1222,1155,78,0,152,38,178,98,38,26,0,6,114,18,45,122,216,19,7
4615,0,15-74,SysselsatteArb,2010,1222,1189,78,3,158,39,181,97,44,27,0,3,111,23,39,140,219,18,9
4615,0,15-74,SysselsatteArb,2011,1222,1234,83,3,163,42,180,103,42,27,0,3,119,25,46,132,228,24,14
4615,0,15-74,SysselsatteArb,2012,1222,1237,79,3,168,47,175,97,46,24,0,3,113,29,45,133,236,27,12
4615,0,15-74,SysselsatteArb,2013,1222,1259,79,0,179,38,170,97,47,25,0,3,124,25,50,140,248,28,6
4615,0,15-74,SysselsatteArb,2014,1222,1256,78,3,158,35,176,91,52,24,0,0,132,34,50,136,258,20,9
4615,0,15-74,SysselsatteArb,2015,1222,1202,97,3,144,35,175,89,54,16,0,3,104,15,43,138,246,25,15
4615,0,15-74,SysselsatteArb,2016,1222,1240,106,3,143,36,201,101,45,24,0,0,77,22,44,143,254,22,19
4615,0,15-74,SysselsatteArb,2017,1222,1204,116,0,162,37,192,83,47,23,0,0,38,22,38,129,287,18,12
4615,0,15-74,SysselsatteArb,2018,1222,1165,118,0,195,33,160,81,40,25,0,0,34,20,40,129,262,16,12
4615,0,15-74,SysselsatteArb,2019,1222,1104,114,3,139,27,159,80,53,18,0,0,40,16,32,123,273,15,12
4615,0,15-74,SysselsatteArb,2020,1222,0,0,0,0,0,0,0,0,0,0,0,0,0,0,0,0,0,0
4615,0,55-66,SysselsatteArb,2008,1222,238,18,0,20,13,35,11,5,0,0,3,22,8,16,34,43,6,4
4615,0,55-66,SysselsatteArb,2009,1222,238,14,0,19,13,36,12,5,3,0,3,21,4,17,37,47,3,4
4615,0,55-66,SysselsatteArb,2010,1222,246,20,0,21,11,35,17,8,0,0,0,18,6,14,38,52,3,3
4615,0,55-66,SysselsatteArb,2011,1222,255,10,0,20,14,39,16,7,0,0,3,22,10,13,37,58,3,3
4615,0,55-66,SysselsatteArb,2012,1222,276,16,3,25,15,40,17,4,3,0,3,23,11,11,38,60,4,3
4615,0,55-66,SysselsatteArb,2013,1222,274,14,0,25,11,42,17,7,0,0,3,29,9,10,41,59,7,0
4615,0,55-66,SysselsatteArb,2014,1222,273,13,0,27,7,38,15,8,0,0,0,28,10,10,43,68,3,3
4615,0,55-66,SysselsatteArb,2015,1222,276,17,0,24,8,34,12,9,0,0,3,28,5,11,44,69,3,9
4615,0,55-66,SysselsatteArb,2016,1222,256,17,0,27,8,33,12,5,0,0,0,17,5,12,44,66,6,4
4615,0,55-66,SysselsatteArb,2017,1222,251,20,0,33,8,30,11,5,3,0,0,10,7,11,35,75,0,3
4615,0,55-66,SysselsatteArb,2018,1222,234,22,0,35,7,26,10,6,3,0,0,10,3,11,34,64,3,0
4615,0,55-66,SysselsatteArb,2019,1222,225,17,0,30,4,31,10,3,3,0,0,13,6,13,30,59,3,3
4615,0,55-66,SysselsatteArb,2020,1222,0,0,0,0,0,0,0,0,0,0,0,0,0,0,0,0,0,0
4615,0,67-74,SysselsatteArb,2008,1222,25,3,0,3,0,8,5,6,0,0,0,0,0,0,0,0,0,0
4615,0,67-74,SysselsatteArb,2009,1222,38,8,0,3,4,6,8,3,0,0,0,0,3,0,0,3,0,0
4615,0,67-74,SysselsatteArb,2010,1222,27,3,0,0,4,5,3,0,3,0,0,0,0,0,3,3,0,3
4615,0,67-74,SysselsatteArb,2011,1222,37,7,0,4,0,4,6,0,3,0,0,4,0,0,0,3,3,3
4615,0,67-74,SysselsatteArb,2012,1222,30,6,0,4,3,3,3,0,0,0,0,5,0,0,0,0,3,3
4615,0,67-74,SysselsatteArb,2013,1222,41,7,0,7,3,4,3,0,0,0,0,8,0,0,3,0,3,3
4615,0,67-74,SysselsatteArb,2014,1222,42,11,0,5,0,5,3,0,0,0,0,8,0,0,4,0,3,3
4615,0,67-74,SysselsatteArb,2015,1222,40,11,0,6,0,8,3,0,0,0,0,3,0,0,3,0,3,3
4615,0,67-74,SysselsatteArb,2016,1222,47,8,0,4,3,8,3,0,0,0,0,4,0,0,3,5,3,6
4615,0,67-74,SysselsatteArb,2017,1222,48,10,0,4,3,5,0,0,0,0,0,9,0,0,6,5,3,3
4615,0,67-74,SysselsatteArb,2018,1222,46,11,0,5,0,5,3,0,0,0,0,4,0,0,7,5,0,6
4615,0,67-74,SysselsatteArb,2019,1222,56,12,0,4,3,5,7,3,0,0,0,4,0,0,6,6,0,6
4615,0,67-74,SysselsatteArb,2020,1222,0,0,0,0,0,0,0,0,0,0,0,0,0,0,0,0,0,0
4616,0,15-74,SysselsatteArb,2008,1223,990,141,0,88,16,79,106,87,12,9,19,15,10,51,84,250,14,9
4616,0,15-74,SysselsatteArb,2009,1223,989,135,0,99,17,83,105,80,6,12,15,20,10,61,86,241,13,6
4616,0,15-74,SysselsatteArb,2010,1223,1063,141,0,134,18,87,110,80,13,19,14,23,17,52,89,246,11,9
4616,0,15-74,SysselsatteArb,2011,1223,1078,146,0,145,23,97,92,90,9,14,13,18,17,53,81,261,13,6
4616,0,15-74,SysselsatteArb,2012,1223,1067,133,0,146,22,92,95,78,6,14,13,22,26,58,81,257,15,9
4616,0,15-74,SysselsatteArb,2013,1223,1093,147,0,141,26,102,91,78,6,12,13,27,31,58,72,261,22,6
4616,0,15-74,SysselsatteArb,2014,1223,1099,151,0,146,25,103,103,77,9,15,16,25,32,55,71,243,19,9
4616,0,15-74,SysselsatteArb,2015,1223,1124,166,0,136,22,112,90,73,12,12,17,27,41,56,74,247,21,18
4616,0,15-74,SysselsatteArb,2016,1223,1162,183,0,146,25,100,96,71,15,15,14,33,47,52,80,253,23,9
4616,0,15-74,SysselsatteArb,2017,1223,1139,186,0,129,22,114,88,62,13,15,11,31,45,50,85,249,27,12
4616,0,15-74,SysselsatteArb,2018,1223,1149,224,0,127,18,118,100,70,12,12,14,30,18,46,78,248,22,12
4616,0,15-74,SysselsatteArb,2019,1223,1155,223,0,121,21,112,93,70,12,16,10,33,28,45,74,263,28,6
4616,0,15-74,SysselsatteArb,2020,1223,0,0,0,0,0,0,0,0,0,0,0,0,0,0,0,0,0,0
4616,0,55-66,SysselsatteArb,2008,1223,264,33,0,14,4,12,26,23,3,3,7,5,4,22,25,76,4,3
4616,0,55-66,SysselsatteArb,2009,1223,266,36,0,10,7,15,29,17,3,3,6,8,4,24,29,69,6,0
4616,0,55-66,SysselsatteArb,2010,1223,275,34,0,20,5,14,32,16,0,6,6,8,4,25,27,72,3,3
4616,0,55-66,SysselsatteArb,2011,1223,276,35,0,17,9,14,30,16,3,3,3,8,3,24,31,71,6,3
4616,0,55-66,SysselsatteArb,2012,1223,274,37,0,16,8,17,31,13,0,3,3,9,8,24,28,71,6,0
4616,0,55-66,SysselsatteArb,2013,1223,270,35,0,23,9,16,30,11,0,3,3,10,3,19,27,72,6,3
4616,0,55-66,SysselsatteArb,2014,1223,285,44,0,24,8,24,25,12,0,3,3,8,8,17,25,71,7,6
4616,0,55-66,SysselsatteArb,2015,1223,268,46,0,22,7,27,20,7,0,3,6,6,6,16,25,67,3,7
4616,0,55-66,SysselsatteArb,2016,1223,256,41,0,26,5,23,20,7,3,3,3,6,7,19,27,57,6,3
4616,0,55-66,SysselsatteArb,2017,1223,245,39,0,26,6,28,18,10,0,3,3,3,5,17,26,55,3,3
4616,0,55-66,SysselsatteArb,2018,1223,243,49,0,26,5,29,19,14,0,0,3,6,0,13,24,49,3,3
4616,0,55-66,SysselsatteArb,2019,1223,246,47,0,27,3,22,20,13,0,3,3,7,5,12,22,57,5,0
4616,0,55-66,SysselsatteArb,2020,1223,0,0,0,0,0,0,0,0,0,0,0,0,0,0,0,0,0,0
4616,0,67-74,SysselsatteArb,2008,1223,24,12,0,3,0,0,3,0,0,0,0,0,0,0,0,3,0,3
4616,0,67-74,SysselsatteArb,2009,1223,26,12,0,6,0,0,0,3,0,0,0,0,0,0,0,5,0,0
4616,0,67-74,SysselsatteArb,2010,1223,23,10,0,3,0,0,3,0,0,0,0,0,0,0,3,4,0,0
4616,0,67-74,SysselsatteArb,2011,1223,24,12,0,4,0,0,0,0,0,0,0,0,0,3,0,5,0,0
4616,0,67-74,SysselsatteArb,2012,1223,36,12,0,5,0,0,3,3,0,0,0,3,0,0,0,7,0,3
4616,0,67-74,SysselsatteArb,2013,1223,48,13,0,3,3,3,3,3,0,0,0,3,3,3,0,8,0,3
4616,0,67-74,SysselsatteArb,2014,1223,41,13,0,3,3,3,5,0,0,0,0,4,0,3,0,4,0,3
4616,0,67-74,SysselsatteArb,2015,1223,44,7,0,0,0,3,3,5,3,0,0,4,0,6,0,5,0,8
4616,0,67-74,SysselsatteArb,2016,1223,53,9,0,0,3,5,5,3,0,3,0,4,0,0,6,12,0,3
4616,0,67-74,SysselsatteArb,2017,1223,58,16,0,0,0,5,3,0,0,3,0,3,0,4,3,12,3,6
4616,0,67-74,SysselsatteArb,2018,1223,71,18,0,3,0,7,3,0,3,3,0,4,3,4,3,14,0,6
4616,0,67-74,SysselsatteArb,2019,1223,64,19,0,4,3,7,6,3,0,0,0,3,0,3,3,7,3,3
4616,0,67-74,SysselsatteArb,2020,1223,0,0,0,0,0,0,0,0,0,0,0,0,0,0,0,0,0,0
4617,0,15-74,SysselsatteArb,2008,1224,6084,470,3,1316,99,444,655,314,114,40,80,139,113,213,469,1423,161,31
4617,0,15-74,SysselsatteArb,2009,1224,6021,474,6,1231,103,449,657,280,115,40,68,137,157,235,481,1413,147,28
4617,0,15-74,SysselsatteArb,2010,1224,5954,477,6,1061,104,460,725,270,125,43,67,136,151,235,488,1419,155,32
4617,0,15-74,SysselsatteArb,2011,1224,6029,506,6,1043,106,464,739,257,117,41,50,150,150,253,486,1462,171,28
4617,0,15-74,SysselsatteArb,2012,1224,5746,442,6,1124,107,416,652,199,97,57,41,160,107,239,464,1460,153,22
4617,0,15-74,SysselsatteArb,2013,1224,5737,450,6,1029,107,419,718,200,113,56,29,176,121,246,484,1403,145,35
4617,0,15-74,SysselsatteArb,2014,1224,5792,453,9,967,111,463,731,270,119,50,28,163,109,263,481,1405,147,23
4617,0,15-74,SysselsatteArb,2015,1224,5555,366,7,829,114,440,701,236,109,58,24,168,89,242,479,1489,139,65
4617,0,15-74,SysselsatteArb,2016,1224,5493,383,13,765,111,453,682,185,115,60,18,155,110,239,467,1537,134,66
4617,0,15-74,SysselsatteArb,2017,1224,5472,404,9,762,115,454,676,235,117,64,22,174,94,249,469,1442,135,51
4617,0,15-74,SysselsatteArb,2018,1224,5622,405,9,946,108,494,567,253,113,68,20,176,154,176,460,1475,145,53
4617,0,15-74,SysselsatteArb,2019,1224,5749,393,9,974,79,560,560,236,123,67,13,187,155,195,483,1525,142,48
4617,0,15-74,SysselsatteArb,2020,1224,0,0,0,0,0,0,0,0,0,0,0,0,0,0,0,0,0,0
4617,0,55-66,SysselsatteArb,2008,1224,1207,129,0,223,28,72,83,69,12,13,28,28,17,60,124,288,24,9
4617,0,55-66,SysselsatteArb,2009,1224,1224,124,0,221,32,77,84,64,10,14,28,31,18,62,123,304,25,7
4617,0,55-66,SysselsatteArb,2010,1224,1243,112,0,212,29,75,85,51,14,16,25,36,21,65,137,326,29,10
4617,0,55-66,SysselsatteArb,2011,1224,1244,113,0,204,30,72,87,49,13,18,18,41,19,67,147,325,29,12
4617,0,55-66,SysselsatteArb,2012,1224,1258,100,0,228,30,64,79,47,12,19,15,46,17,68,150,340,33,10
4617,0,55-66,SysselsatteArb,2013,1224,1244,93,3,223,30,60,91,51,8,16,9,49,19,71,147,332,32,10
4617,0,55-66,SysselsatteArb,2014,1224,1248,93,0,209,30,68,91,70,10,14,9,46,16,82,139,326,38,7
4617,0,55-66,SysselsatteArb,2015,1224,1227,93,4,180,32,61,95,66,12,11,9,45,17,72,134,342,32,22
4617,0,55-66,SysselsatteArb,2016,1224,1198,94,4,184,30,64,101,53,9,11,7,33,20,65,122,344,32,25
4617,0,55-66,SysselsatteArb,2017,1224,1231,105,0,189,35,62,102,67,12,11,8,42,13,65,134,336,35,15
4617,0,55-66,SysselsatteArb,2018,1224,1210,86,3,210,34,71,88,64,9,7,7,46,34,40,115,341,40,15
4617,0,55-66,SysselsatteArb,2019,1224,1239,99,3,220,24,83,96,54,7,10,8,47,35,40,112,343,42,16
4617,0,55-66,SysselsatteArb,2020,1224,0,0,0,0,0,0,0,0,0,0,0,0,0,0,0,0,0,0
4617,0,67-74,SysselsatteArb,2008,1224,165,56,0,14,3,13,16,9,0,0,0,5,0,0,3,33,10,3
4617,0,67-74,SysselsatteArb,2009,1224,185,55,0,12,3,15,15,8,0,0,0,10,3,3,3,38,14,6
4617,0,67-74,SysselsatteArb,2010,1224,158,55,0,12,0,13,17,7,0,0,3,3,0,3,3,30,12,0
4617,0,67-74,SysselsatteArb,2011,1224,197,52,0,17,3,21,21,10,3,3,3,7,0,3,6,36,9,3
4617,0,67-74,SysselsatteArb,2012,1224,191,55,0,19,3,19,18,9,0,3,0,7,0,6,6,33,10,3
4617,0,67-74,SysselsatteArb,2013,1224,197,58,0,17,3,20,19,7,3,0,0,10,0,3,7,33,10,7
4617,0,67-74,SysselsatteArb,2014,1224,188,51,3,11,3,23,16,7,3,0,0,13,0,9,7,27,12,3
4617,0,67-74,SysselsatteArb,2015,1224,208,46,0,13,4,21,16,7,3,3,0,12,3,6,8,42,9,15
4617,0,67-74,SysselsatteArb,2016,1224,209,46,0,11,4,20,13,8,6,3,0,14,3,10,10,40,7,14
4617,0,67-74,SysselsatteArb,2017,1224,229,50,3,16,4,26,13,8,3,3,0,17,3,9,8,45,7,14
4617,0,67-74,SysselsatteArb,2018,1224,228,48,3,16,4,21,14,15,3,3,0,18,8,3,3,46,8,15
4617,0,67-74,SysselsatteArb,2019,1224,225,41,0,20,3,17,12,13,3,0,0,16,8,3,8,56,10,15
4617,0,67-74,SysselsatteArb,2020,1224,0,0,0,0,0,0,0,0,0,0,0,0,0,0,0,0,0,0
4618,0,15-74,SysselsatteArb,2008,1228,3740,41,0,912,131,336,419,181,103,53,15,146,46,96,240,890,119,12
4618,0,15-74,SysselsatteArb,2009,1228,3702,42,0,885,118,295,390,205,85,49,18,167,51,101,249,920,111,16
4618,0,15-74,SysselsatteArb,2010,1228,3644,39,0,852,123,305,397,201,86,43,18,167,53,101,243,900,98,18
4618,0,15-74,SysselsatteArb,2011,1228,3642,36,0,853,105,318,418,180,96,43,23,167,64,106,233,895,93,12
4618,0,15-74,SysselsatteArb,2012,1228,3652,42,0,904,101,311,370,173,73,29,17,171,69,103,223,959,94,13
4618,0,15-74,SysselsatteArb,2013,1228,3607,38,0,876,97,314,378,170,95,30,19,169,61,115,230,912,91,12
4618,0,15-74,SysselsatteArb,2014,1228,3536,33,0,838,104,316,372,154,91,24,14,169,67,122,228,897,95,12
4618,0,15-74,SysselsatteArb,2015,1228,3489,35,12,807,101,361,346,144,86,26,14,174,45,115,246,873,81,23
4618,0,15-74,SysselsatteArb,2016,1228,3540,34,19,741,104,352,365,164,100,31,6,182,39,117,253,927,84,22
4618,0,15-74,SysselsatteArb,2017,1228,3521,35,0,771,89,363,358,164,109,25,9,182,67,113,242,896,81,17
4618,0,15-74,SysselsatteArb,2018,1228,3508,34,0,813,87,345,355,154,116,34,6,182,68,116,217,880,81,20
4618,0,15-74,SysselsatteArb,2019,1228,3566,28,0,868,90,341,347,192,120,26,9,179,61,116,223,883,70,13
4618,0,15-74,SysselsatteArb,2020,1228,0,0,0,0,0,0,0,0,0,0,0,0,0,0,0,0,0,0
4618,0,55-66,SysselsatteArb,2008,1228,752,12,0,167,32,62,70,48,5,9,9,36,22,26,69,160,20,5
4618,0,55-66,SysselsatteArb,2009,1228,774,13,0,162,35,54,69,57,4,11,10,45,19,26,71,171,20,7
4618,0,55-66,SysselsatteArb,2010,1228,744,11,0,154,32,57,63,63,4,12,6,38,11,23,66,180,18,6
4618,0,55-66,SysselsatteArb,2011,1228,769,9,0,168,28,67,62,60,8,12,8,44,9,27,70,175,19,3
4618,0,55-66,SysselsatteArb,2012,1228,816,11,0,203,27,67,64,58,7,12,6,43,13,22,73,186,18,6
4618,0,55-66,SysselsatteArb,2013,1228,830,11,0,199,27,64,64,60,7,12,10,43,12,34,72,194,18,3
4618,0,55-66,SysselsatteArb,2014,1228,843,14,0,197,28,69,71,56,8,11,5,49,12,32,72,198,18,3
4618,0,55-66,SysselsatteArb,2015,1228,859,12,3,200,29,79,65,48,11,8,5,52,7,34,75,206,15,10
4618,0,55-66,SysselsatteArb,2016,1228,879,15,3,189,32,74,70,55,13,12,0,55,7,35,82,211,19,7
4618,0,55-66,SysselsatteArb,2017,1228,879,12,0,196,30,69,64,59,14,7,3,51,13,41,80,216,19,5
4618,0,55-66,SysselsatteArb,2018,1228,899,13,0,211,29,72,63,55,13,10,3,55,12,31,74,231,20,7
4618,0,55-66,SysselsatteArb,2019,1228,900,11,0,223,33,62,57,67,11,5,3,54,10,34,70,238,15,7
4618,0,55-66,SysselsatteArb,2020,1228,0,0,0,0,0,0,0,0,0,0,0,0,0,0,0,0,0,0
4618,0,67-74,SysselsatteArb,2008,1228,75,3,0,4,0,9,4,6,3,3,0,3,3,0,7,27,3,0
4618,0,67-74,SysselsatteArb,2009,1228,109,7,0,4,0,10,13,9,3,3,0,8,7,3,8,28,6,0
4618,0,67-74,SysselsatteArb,2010,1228,112,9,0,6,3,8,16,5,3,0,0,11,3,0,8,31,6,3
4618,0,67-74,SysselsatteArb,2011,1228,109,11,0,8,3,8,13,8,0,0,0,10,6,0,6,27,6,3
4618,0,67-74,SysselsatteArb,2012,1228,116,10,0,14,3,11,11,11,3,0,0,10,0,0,3,30,3,7
4618,0,67-74,SysselsatteArb,2013,1228,110,11,0,10,0,10,10,11,3,0,0,9,3,0,7,27,3,6
4618,0,67-74,SysselsatteArb,2014,1228,102,9,0,9,0,9,9,12,3,0,0,9,3,3,8,21,4,3
4618,0,67-74,SysselsatteArb,2015,1228,104,10,0,3,0,20,3,23,0,0,0,6,0,6,7,16,0,10
4618,0,67-74,SysselsatteArb,2016,1228,112,8,7,7,0,11,3,25,0,0,0,8,0,3,7,24,0,9
4618,0,67-74,SysselsatteArb,2017,1228,120,12,0,5,0,14,4,27,6,0,0,9,6,3,7,21,0,6
4618,0,67-74,SysselsatteArb,2018,1228,116,7,0,6,0,15,6,27,3,0,0,10,5,3,7,20,0,7
4618,0,67-74,SysselsatteArb,2019,1228,135,7,0,10,3,19,6,28,5,0,0,13,7,3,7,24,0,3
4618,0,67-74,SysselsatteArb,2020,1228,0,0,0,0,0,0,0,0,0,0,0,0,0,0,0,0,0,0
4618,0,15-74,SysselsatteArb,2008,1231,1395,196,3,82,22,199,122,61,85,3,29,104,21,68,110,234,46,10
4618,0,15-74,SysselsatteArb,2009,1231,1420,198,3,88,21,234,113,54,82,6,28,85,26,74,110,241,47,10
4618,0,15-74,SysselsatteArb,2010,1231,1495,183,0,86,24,293,114,48,69,9,29,99,26,76,123,260,41,15
4618,0,15-74,SysselsatteArb,2011,1231,1456,174,0,78,21,304,104,41,95,3,22,90,31,73,113,255,43,9
4618,0,15-74,SysselsatteArb,2012,1231,1272,142,0,70,24,144,101,46,93,3,19,106,33,75,108,257,40,11
4618,0,15-74,SysselsatteArb,2013,1231,1268,139,0,59,27,147,97,51,97,3,16,107,23,78,110,267,38,9
4618,0,15-74,SysselsatteArb,2014,1231,1298,135,0,73,30,149,108,49,92,6,6,115,32,60,99,290,45,9
4618,0,15-74,SysselsatteArb,2015,1231,1257,131,0,72,27,143,95,47,88,9,6,97,36,51,101,301,34,19
4618,0,15-74,SysselsatteArb,2016,1231,1239,117,0,71,21,156,94,48,92,6,6,98,30,61,108,276,40,15
4618,0,15-74,SysselsatteArb,2017,1231,1261,111,0,74,23,159,92,45,85,9,3,107,26,61,124,283,43,16
4618,0,15-74,SysselsatteArb,2018,1231,1235,109,0,69,20,164,85,39,71,6,6,98,27,67,124,280,51,19
4618,0,15-74,SysselsatteArb,2019,1231,1261,125,0,50,22,172,90,44,74,6,3,90,27,68,124,302,54,10
4618,0,15-74,SysselsatteArb,2020,1231,0,0,0,0,0,0,0,0,0,0,0,0,0,0,0,0,0,0
4618,0,55-66,SysselsatteArb,2008,1231,344,77,0,15,8,35,31,10,9,0,8,15,12,26,28,56,7,7
4618,0,55-66,SysselsatteArb,2009,1231,340,70,0,14,5,47,30,11,8,3,9,12,6,26,31,57,7,4
4618,0,55-66,SysselsatteArb,2010,1231,355,68,0,12,4,69,24,11,7,3,8,16,4,28,30,60,6,5
4618,0,55-66,SysselsatteArb,2011,1231,341,65,0,11,4,67,25,8,7,0,6,16,8,26,28,58,9,3
4618,0,55-66,SysselsatteArb,2012,1231,299,55,0,15,4,33,22,10,6,0,5,18,5,21,28,60,9,8
4618,0,55-66,SysselsatteArb,2013,1231,288,45,0,14,4,35,20,7,7,0,7,15,3,23,24,70,11,3
4618,0,55-66,SysselsatteArb,2014,1231,280,43,0,17,4,26,23,5,9,0,0,15,4,19,20,80,12,3
4618,0,55-66,SysselsatteArb,2015,1231,297,47,0,17,3,32,19,11,4,3,3,9,8,17,19,85,14,6
4618,0,55-66,SysselsatteArb,2016,1231,279,39,0,18,3,35,18,8,9,3,0,13,7,14,21,74,14,3
4618,0,55-66,SysselsatteArb,2017,1231,289,39,0,22,4,34,16,9,7,3,0,16,6,16,25,73,13,6
4618,0,55-66,SysselsatteArb,2018,1231,267,31,0,22,0,34,14,6,3,3,3,17,7,14,24,72,12,5
4618,0,55-66,SysselsatteArb,2019,1231,277,36,0,15,3,38,19,7,6,0,0,16,8,17,22,71,16,3
4618,0,55-66,SysselsatteArb,2020,1231,0,0,0,0,0,0,0,0,0,0,0,0,0,0,0,0,0,0
4618,0,67-74,SysselsatteArb,2008,1231,68,25,0,0,0,3,10,3,3,0,0,3,0,0,3,12,3,3
4618,0,67-74,SysselsatteArb,2009,1231,76,26,0,0,0,6,8,3,6,0,0,3,3,0,3,12,3,3
4618,0,67-74,SysselsatteArb,2010,1231,75,25,0,0,0,11,6,3,3,0,0,7,0,0,0,14,3,3
4618,0,67-74,SysselsatteArb,2011,1231,70,24,0,3,0,11,3,3,6,0,3,3,3,0,3,8,0,0
4618,0,67-74,SysselsatteArb,2012,1231,78,30,0,3,3,4,6,3,7,0,0,4,3,0,3,9,3,0
4618,0,67-74,SysselsatteArb,2013,1231,92,34,0,0,3,5,6,9,8,0,0,8,3,0,0,10,3,3
4618,0,67-74,SysselsatteArb,2014,1231,96,34,0,3,3,10,3,5,8,0,0,8,3,0,3,13,0,3
4618,0,67-74,SysselsatteArb,2015,1231,82,30,0,0,0,7,3,5,11,0,0,6,0,0,0,10,0,10
4618,0,67-74,SysselsatteArb,2016,1231,88,33,0,3,0,9,3,5,9,0,0,8,0,0,0,6,3,9
4618,0,67-74,SysselsatteArb,2017,1231,89,31,0,3,0,10,3,3,9,0,0,6,0,0,3,14,0,7
4618,0,67-74,SysselsatteArb,2018,1231,91,21,0,6,0,14,6,0,6,0,0,3,3,3,0,11,7,11
4618,0,67-74,SysselsatteArb,2019,1231,92,29,0,3,0,12,6,0,7,0,0,3,0,3,3,16,6,4
4618,0,67-74,SysselsatteArb,2020,1231,0,0,0,0,0,0,0,0,0,0,0,0,0,0,0,0,0,0
