Naering,Kjonn,Alder,ContentsCode,Aar,Haugesund,Sauda,Bokn,Tysvaer,Karmoey,Utsira,Vindafjord
00-99,0,15-74,SysselsatteArb,2008,21322,2136,297,4048,15194,111,4422
00-99,0,15-74,SysselsatteArb,2009,21160,2176,296,4160,14666,105,4450
00-99,0,15-74,SysselsatteArb,2010,21233,2180,291,4232,14591,105,4544
00-99,0,15-74,SysselsatteArb,2011,21734,2131,293,4475,14781,114,4748
00-99,0,15-74,SysselsatteArb,2012,21986,2100,317,4423,14989,108,4785
00-99,0,15-74,SysselsatteArb,2013,22143,2048,327,4281,15239,103,4870
00-99,0,15-74,SysselsatteArb,2014,22190,2073,327,4329,15457,105,5037
00-99,0,15-74,SysselsatteArb,2015,21328,1977,301,4304,15066,96,4971
00-99,0,15-74,SysselsatteArb,2016,21056,1951,306,4314,15287,94,4915
00-99,0,15-74,SysselsatteArb,2017,21372,1956,311,4576,15728,99,4915
00-99,0,15-74,SysselsatteArb,2018,21346,1937,291,4620,15866,90,4814
00-99,0,15-74,SysselsatteArb,2019,21429,1945,327,4710,15978,88,4818
00-99,0,15-74,SysselsatteArb,2020,20852,1970,323,4773,16059,96,4898
00-99,0,55-66,SysselsatteArb,2008,3574,433,66,607,2549,24,771
00-99,0,55-66,SysselsatteArb,2009,3584,434,71,624,2583,23,767
00-99,0,55-66,SysselsatteArb,2010,3694,454,63,641,2566,22,798
00-99,0,55-66,SysselsatteArb,2011,3779,467,60,692,2575,25,835
00-99,0,55-66,SysselsatteArb,2012,3897,462,64,706,2629,33,848
00-99,0,55-66,SysselsatteArb,2013,3888,456,65,735,2762,29,864
00-99,0,55-66,SysselsatteArb,2014,3939,480,58,748,2778,23,911
00-99,0,55-66,SysselsatteArb,2015,3898,466,67,749,2726,19,923
00-99,0,55-66,SysselsatteArb,2016,3867,453,51,779,2731,30,911
00-99,0,55-66,SysselsatteArb,2017,3900,457,54,836,2754,21,927
00-99,0,55-66,SysselsatteArb,2018,3854,459,53,844,2732,27,937
00-99,0,55-66,SysselsatteArb,2019,3844,462,63,883,2834,24,944
00-99,0,55-66,SysselsatteArb,2020,3750,467,61,917,2900,31,981
00-99,0,67-74,SysselsatteArb,2008,321,45,3,92,254,0,128
00-99,0,67-74,SysselsatteArb,2009,350,45,0,104,273,0,141
00-99,0,67-74,SysselsatteArb,2010,369,40,7,90,265,3,138
00-99,0,67-74,SysselsatteArb,2011,404,41,7,102,290,6,140
00-99,0,67-74,SysselsatteArb,2012,423,38,10,130,313,0,140
00-99,0,67-74,SysselsatteArb,2013,460,43,16,120,340,3,162
00-99,0,67-74,SysselsatteArb,2014,468,38,19,129,358,6,157
00-99,0,67-74,SysselsatteArb,2015,420,40,10,127,342,9,153
00-99,0,67-74,SysselsatteArb,2016,440,44,22,118,356,3,171
00-99,0,67-74,SysselsatteArb,2017,483,33,16,118,364,6,193
00-99,0,67-74,SysselsatteArb,2018,476,42,13,105,373,6,185
00-99,0,67-74,SysselsatteArb,2019,475,41,21,116,384,6,197
00-99,0,67-74,SysselsatteArb,2020,433,42,13,99,386,3,186
01-03,0,15-74,SysselsatteArb,2008,74,36,51,298,472,9,678
01-03,0,15-74,SysselsatteArb,2009,67,43,59,282,462,6,658
01-03,0,15-74,SysselsatteArb,2010,72,36,54,270,447,9,649
01-03,0,15-74,SysselsatteArb,2011,66,36,67,239,378,9,684
01-03,0,15-74,SysselsatteArb,2012,69,39,52,219,369,6,623
01-03,0,15-74,SysselsatteArb,2013,71,36,57,209,357,3,571
01-03,0,15-74,SysselsatteArb,2014,70,33,49,190,337,6,571
01-03,0,15-74,SysselsatteArb,2015,80,25,56,196,340,6,627
01-03,0,15-74,SysselsatteArb,2016,67,26,61,194,367,6,633
01-03,0,15-74,SysselsatteArb,2017,70,21,74,186,347,6,625
01-03,0,15-74,SysselsatteArb,2018,65,28,65,182,358,6,608
01-03,0,15-74,SysselsatteArb,2019,89,30,67,192,329,6,567
01-03,0,15-74,SysselsatteArb,2020,83,26,67,204,338,6,578
01-03,0,55-66,SysselsatteArb,2008,15,12,11,77,120,3,143
01-03,0,55-66,SysselsatteArb,2009,15,12,11,72,115,3,126
01-03,0,55-66,SysselsatteArb,2010,14,11,3,69,98,3,121
01-03,0,55-66,SysselsatteArb,2011,12,7,8,66,97,3,125
01-03,0,55-66,SysselsatteArb,2012,15,7,6,66,84,0,103
01-03,0,55-66,SysselsatteArb,2013,11,5,6,51,85,0,98
01-03,0,55-66,SysselsatteArb,2014,16,5,5,45,87,3,89
01-03,0,55-66,SysselsatteArb,2015,16,3,8,50,89,3,98
01-03,0,55-66,SysselsatteArb,2016,12,7,6,52,80,0,97
01-03,0,55-66,SysselsatteArb,2017,15,3,6,45,81,0,97
01-03,0,55-66,SysselsatteArb,2018,16,7,6,37,79,3,115
01-03,0,55-66,SysselsatteArb,2019,16,7,9,38,84,3,103
01-03,0,55-66,SysselsatteArb,2020,14,7,10,43,82,3,108
01-03,0,67-74,SysselsatteArb,2008,5,3,3,37,55,0,57
01-03,0,67-74,SysselsatteArb,2009,6,6,0,43,56,0,65
01-03,0,67-74,SysselsatteArb,2010,8,3,4,30,56,0,62
01-03,0,67-74,SysselsatteArb,2011,9,7,4,30,44,0,64
01-03,0,67-74,SysselsatteArb,2012,10,7,4,40,59,0,70
01-03,0,67-74,SysselsatteArb,2013,11,9,4,40,56,0,66
01-03,0,67-74,SysselsatteArb,2014,13,8,6,36,51,0,60
01-03,0,67-74,SysselsatteArb,2015,10,3,7,34,53,0,57
01-03,0,67-74,SysselsatteArb,2016,9,3,10,36,54,0,62
01-03,0,67-74,SysselsatteArb,2017,8,3,9,34,53,0,67
01-03,0,67-74,SysselsatteArb,2018,5,4,7,31,45,0,60
01-03,0,67-74,SysselsatteArb,2019,6,4,6,32,39,3,58
01-03,0,67-74,SysselsatteArb,2020,6,3,3,33,54,0,55
05-09,0,15-74,SysselsatteArb,2008,452,0,0,825,55,0,6
05-09,0,15-74,SysselsatteArb,2009,455,0,0,872,134,0,6
05-09,0,15-74,SysselsatteArb,2010,318,0,0,866,161,0,3
05-09,0,15-74,SysselsatteArb,2011,335,0,0,850,172,0,3
05-09,0,15-74,SysselsatteArb,2012,379,0,0,909,187,0,3
05-09,0,15-74,SysselsatteArb,2013,404,0,0,859,209,0,0
05-09,0,15-74,SysselsatteArb,2014,416,0,0,852,246,0,7
05-09,0,15-74,SysselsatteArb,2015,417,0,0,820,194,0,3
05-09,0,15-74,SysselsatteArb,2016,369,0,0,790,196,0,3
05-09,0,15-74,SysselsatteArb,2017,402,0,0,797,263,0,3
05-09,0,15-74,SysselsatteArb,2018,655,0,0,759,300,0,3
05-09,0,15-74,SysselsatteArb,2019,685,0,0,757,307,0,3
05-09,0,15-74,SysselsatteArb,2020,694,0,0,NA,291,0,NA
05-09,0,55-66,SysselsatteArb,2008,24,0,0,90,15,0,3
05-09,0,55-66,SysselsatteArb,2009,24,0,0,72,14,0,3
05-09,0,55-66,SysselsatteArb,2010,23,0,0,83,16,0,0
05-09,0,55-66,SysselsatteArb,2011,29,0,0,98,14,0,0
05-09,0,55-66,SysselsatteArb,2012,32,0,0,109,15,0,3
05-09,0,55-66,SysselsatteArb,2013,28,0,0,124,24,0,0
05-09,0,55-66,SysselsatteArb,2014,34,0,0,126,29,0,7
05-09,0,55-66,SysselsatteArb,2015,35,0,0,120,20,0,0
05-09,0,55-66,SysselsatteArb,2016,40,0,0,135,21,0,0
05-09,0,55-66,SysselsatteArb,2017,45,0,0,156,28,0,0
05-09,0,55-66,SysselsatteArb,2018,74,0,0,160,28,0,0
05-09,0,55-66,SysselsatteArb,2019,81,0,0,171,31,0,0
05-09,0,55-66,SysselsatteArb,2020,86,0,0,NA,29,0,NA
05-09,0,67-74,SysselsatteArb,2008,0,0,0,3,3,0,0
05-09,0,67-74,SysselsatteArb,2009,0,0,0,0,3,0,0
05-09,0,67-74,SysselsatteArb,2010,3,0,0,0,0,0,0
05-09,0,67-74,SysselsatteArb,2011,0,0,0,0,3,0,0
05-09,0,67-74,SysselsatteArb,2012,0,0,0,0,3,0,0
05-09,0,67-74,SysselsatteArb,2013,3,0,0,0,3,0,0
05-09,0,67-74,SysselsatteArb,2014,0,0,0,0,0,0,0
05-09,0,67-74,SysselsatteArb,2015,0,0,0,0,0,0,0
05-09,0,67-74,SysselsatteArb,2016,0,0,0,0,0,0,0
05-09,0,67-74,SysselsatteArb,2017,0,0,0,0,0,0,0
05-09,0,67-74,SysselsatteArb,2018,0,0,0,0,3,0,0
05-09,0,67-74,SysselsatteArb,2019,0,0,0,3,3,0,0
05-09,0,67-74,SysselsatteArb,2020,6,0,0,NA,3,0,NA
10-33,0,15-74,SysselsatteArb,2008,2572,468,41,268,3357,0,785
10-33,0,15-74,SysselsatteArb,2009,2570,429,40,270,2806,3,852
10-33,0,15-74,SysselsatteArb,2010,2486,414,31,252,2571,0,901
10-33,0,15-74,SysselsatteArb,2011,2600,395,31,252,2475,0,942
10-33,0,15-74,SysselsatteArb,2012,2766,394,51,257,2408,3,974
10-33,0,15-74,SysselsatteArb,2013,2805,401,54,241,2367,0,1009
10-33,0,15-74,SysselsatteArb,2014,2682,408,54,220,2353,0,1050
10-33,0,15-74,SysselsatteArb,2015,2371,383,36,320,2302,0,1098
10-33,0,15-74,SysselsatteArb,2016,2196,345,43,390,2313,0,1035
10-33,0,15-74,SysselsatteArb,2017,2110,345,37,476,2426,0,985
10-33,0,15-74,SysselsatteArb,2018,2128,342,43,628,2419,0,828
10-33,0,15-74,SysselsatteArb,2019,2171,360,52,617,2476,0,887
10-33,0,15-74,SysselsatteArb,2020,2220,367,63,631,2470,0,887
10-33,0,55-66,SysselsatteArb,2008,406,101,9,30,553,0,111
10-33,0,55-66,SysselsatteArb,2009,400,101,8,34,522,0,113
10-33,0,55-66,SysselsatteArb,2010,392,109,7,33,486,0,116
10-33,0,55-66,SysselsatteArb,2011,392,111,4,36,482,0,134
10-33,0,55-66,SysselsatteArb,2012,383,113,7,42,494,0,142
10-33,0,55-66,SysselsatteArb,2013,390,113,8,45,468,0,148
10-33,0,55-66,SysselsatteArb,2014,395,114,8,38,441,0,163
10-33,0,55-66,SysselsatteArb,2015,355,112,5,40,431,0,177
10-33,0,55-66,SysselsatteArb,2016,316,107,3,52,451,0,187
10-33,0,55-66,SysselsatteArb,2017,327,107,5,65,457,0,184
10-33,0,55-66,SysselsatteArb,2018,355,106,8,84,463,0,186
10-33,0,55-66,SysselsatteArb,2019,387,103,11,87,486,0,191
10-33,0,55-66,SysselsatteArb,2020,409,107,14,105,482,0,189
10-33,0,67-74,SysselsatteArb,2008,22,3,0,5,34,0,7
10-33,0,67-74,SysselsatteArb,2009,19,0,0,4,34,0,11
10-33,0,67-74,SysselsatteArb,2010,18,0,0,6,37,0,12
10-33,0,67-74,SysselsatteArb,2011,24,0,0,8,35,0,9
10-33,0,67-74,SysselsatteArb,2012,20,0,0,11,35,0,6
10-33,0,67-74,SysselsatteArb,2013,16,0,0,9,36,0,11
10-33,0,67-74,SysselsatteArb,2014,21,3,0,9,32,0,12
10-33,0,67-74,SysselsatteArb,2015,18,3,0,7,30,0,18
10-33,0,67-74,SysselsatteArb,2016,12,0,0,3,29,0,17
10-33,0,67-74,SysselsatteArb,2017,18,0,0,8,26,0,14
10-33,0,67-74,SysselsatteArb,2018,13,5,0,4,27,0,11
10-33,0,67-74,SysselsatteArb,2019,8,3,3,6,35,0,19
10-33,0,67-74,SysselsatteArb,2020,17,3,3,8,28,0,17
35-39,0,15-74,SysselsatteArb,2008,267,113,0,51,120,0,94
35-39,0,15-74,SysselsatteArb,2009,286,121,0,54,101,0,88
35-39,0,15-74,SysselsatteArb,2010,313,120,0,60,102,0,80
35-39,0,15-74,SysselsatteArb,2011,325,124,0,67,105,0,76
35-39,0,15-74,SysselsatteArb,2012,335,138,0,61,107,0,74
35-39,0,15-74,SysselsatteArb,2013,343,125,0,60,128,0,129
35-39,0,15-74,SysselsatteArb,2014,348,127,0,61,112,0,86
35-39,0,15-74,SysselsatteArb,2015,347,123,0,31,105,0,43
35-39,0,15-74,SysselsatteArb,2016,375,131,0,31,110,0,65
35-39,0,15-74,SysselsatteArb,2017,379,127,0,28,109,0,92
35-39,0,15-74,SysselsatteArb,2018,372,129,0,25,114,0,76
35-39,0,15-74,SysselsatteArb,2019,416,126,0,23,123,0,101
35-39,0,15-74,SysselsatteArb,2020,425,140,0,NA,133,0,101
35-39,0,55-66,SysselsatteArb,2008,69,27,0,6,20,0,14
35-39,0,55-66,SysselsatteArb,2009,71,31,0,9,21,0,14
35-39,0,55-66,SysselsatteArb,2010,71,32,0,9,17,0,17
35-39,0,55-66,SysselsatteArb,2011,71,35,0,10,19,0,16
35-39,0,55-66,SysselsatteArb,2012,71,37,0,9,23,0,15
35-39,0,55-66,SysselsatteArb,2013,65,39,0,9,23,0,18
35-39,0,55-66,SysselsatteArb,2014,61,42,0,12,24,0,15
35-39,0,55-66,SysselsatteArb,2015,76,37,0,7,20,0,8
35-39,0,55-66,SysselsatteArb,2016,86,38,0,12,21,0,13
35-39,0,55-66,SysselsatteArb,2017,91,37,0,13,22,0,18
35-39,0,55-66,SysselsatteArb,2018,92,37,0,7,22,0,15
35-39,0,55-66,SysselsatteArb,2019,100,42,0,6,24,0,21
35-39,0,55-66,SysselsatteArb,2020,96,51,0,NA,24,0,22
35-39,0,67-74,SysselsatteArb,2008,0,0,0,0,0,0,3
35-39,0,67-74,SysselsatteArb,2009,3,0,0,0,0,0,3
35-39,0,67-74,SysselsatteArb,2010,5,0,0,0,0,0,3
35-39,0,67-74,SysselsatteArb,2011,6,3,0,0,0,0,0
35-39,0,67-74,SysselsatteArb,2012,6,0,0,0,0,0,0
35-39,0,67-74,SysselsatteArb,2013,5,3,0,0,3,0,3
35-39,0,67-74,SysselsatteArb,2014,3,0,0,0,0,0,0
35-39,0,67-74,SysselsatteArb,2015,3,0,0,0,3,0,0
35-39,0,67-74,SysselsatteArb,2016,3,0,0,0,0,0,0
35-39,0,67-74,SysselsatteArb,2017,4,0,0,0,0,0,3
35-39,0,67-74,SysselsatteArb,2018,6,0,0,0,3,0,3
35-39,0,67-74,SysselsatteArb,2019,6,3,0,0,0,0,0
35-39,0,67-74,SysselsatteArb,2020,7,3,0,NA,0,0,0
41-43,0,15-74,SysselsatteArb,2008,1263,176,11,346,1472,9,444
41-43,0,15-74,SysselsatteArb,2009,1296,180,8,385,1442,11,473
41-43,0,15-74,SysselsatteArb,2010,1226,177,7,394,1532,10,482
41-43,0,15-74,SysselsatteArb,2011,1273,179,8,663,1682,9,484
41-43,0,15-74,SysselsatteArb,2012,1211,190,8,480,1775,7,448
41-43,0,15-74,SysselsatteArb,2013,1340,195,11,466,1876,13,465
41-43,0,15-74,SysselsatteArb,2014,1294,195,11,450,1907,10,501
41-43,0,15-74,SysselsatteArb,2015,1240,197,16,469,1811,12,511
41-43,0,15-74,SysselsatteArb,2016,1179,207,13,467,1808,9,504
41-43,0,15-74,SysselsatteArb,2017,1197,219,13,485,1907,6,544
41-43,0,15-74,SysselsatteArb,2018,1252,210,12,500,1807,9,569
41-43,0,15-74,SysselsatteArb,2019,1081,198,9,549,1891,3,555
41-43,0,15-74,SysselsatteArb,2020,1002,206,9,510,1920,6,638
41-43,0,55-66,SysselsatteArb,2008,162,25,3,24,172,3,70
41-43,0,55-66,SysselsatteArb,2009,166,25,3,33,187,4,75
41-43,0,55-66,SysselsatteArb,2010,168,23,3,39,192,3,80
41-43,0,55-66,SysselsatteArb,2011,161,23,3,46,207,3,79
41-43,0,55-66,SysselsatteArb,2012,172,22,3,45,216,3,84
41-43,0,55-66,SysselsatteArb,2013,183,23,3,47,236,3,88
41-43,0,55-66,SysselsatteArb,2014,196,27,0,40,243,4,92
41-43,0,55-66,SysselsatteArb,2015,199,31,3,55,245,3,91
41-43,0,55-66,SysselsatteArb,2016,204,31,4,51,250,3,94
41-43,0,55-66,SysselsatteArb,2017,207,36,4,58,246,0,99
41-43,0,55-66,SysselsatteArb,2018,200,37,3,55,255,3,93
41-43,0,55-66,SysselsatteArb,2019,185,39,3,65,273,0,87
41-43,0,55-66,SysselsatteArb,2020,174,45,3,68,304,3,91
41-43,0,67-74,SysselsatteArb,2008,22,3,0,7,18,0,10
41-43,0,67-74,SysselsatteArb,2009,19,3,0,6,18,0,11
41-43,0,67-74,SysselsatteArb,2010,21,0,0,3,15,0,8
41-43,0,67-74,SysselsatteArb,2011,23,3,0,5,22,0,13
41-43,0,67-74,SysselsatteArb,2012,24,4,0,9,20,0,15
41-43,0,67-74,SysselsatteArb,2013,27,9,3,8,25,3,10
41-43,0,67-74,SysselsatteArb,2014,26,4,4,10,29,0,9
41-43,0,67-74,SysselsatteArb,2015,23,4,3,12,21,3,10
41-43,0,67-74,SysselsatteArb,2016,24,4,3,10,23,0,14
41-43,0,67-74,SysselsatteArb,2017,22,6,3,13,31,0,21
41-43,0,67-74,SysselsatteArb,2018,20,6,3,18,24,0,18
41-43,0,67-74,SysselsatteArb,2019,25,4,0,17,28,0,25
41-43,0,67-74,SysselsatteArb,2020,20,3,3,13,28,0,33
45-47,0,15-74,SysselsatteArb,2008,3945,183,12,362,2026,3,494
45-47,0,15-74,SysselsatteArb,2009,3810,189,13,363,1968,3,447
45-47,0,15-74,SysselsatteArb,2010,3793,205,13,390,2080,6,437
45-47,0,15-74,SysselsatteArb,2011,3814,189,15,390,2149,6,467
45-47,0,15-74,SysselsatteArb,2012,3712,202,19,434,2144,6,510
45-47,0,15-74,SysselsatteArb,2013,3670,182,13,415,2030,3,506
45-47,0,15-74,SysselsatteArb,2014,3642,173,16,443,2005,3,497
45-47,0,15-74,SysselsatteArb,2015,3295,170,15,438,1983,3,462
45-47,0,15-74,SysselsatteArb,2016,3233,168,15,445,2001,6,450
45-47,0,15-74,SysselsatteArb,2017,3235,164,12,454,1991,6,483
45-47,0,15-74,SysselsatteArb,2018,3176,171,9,451,1951,3,515
45-47,0,15-74,SysselsatteArb,2019,3006,158,10,445,1939,9,490
45-47,0,15-74,SysselsatteArb,2020,2879,158,12,431,2020,NA,475
45-47,0,55-66,SysselsatteArb,2008,492,23,3,52,266,0,65
45-47,0,55-66,SysselsatteArb,2009,487,24,7,58,264,0,59
45-47,0,55-66,SysselsatteArb,2010,487,29,7,54,267,0,61
45-47,0,55-66,SysselsatteArb,2011,490,28,6,57,261,0,67
45-47,0,55-66,SysselsatteArb,2012,500,31,4,59,269,3,74
45-47,0,55-66,SysselsatteArb,2013,502,33,4,66,283,3,73
45-47,0,55-66,SysselsatteArb,2014,506,28,7,80,289,0,71
45-47,0,55-66,SysselsatteArb,2015,449,33,6,79,290,0,76
45-47,0,55-66,SysselsatteArb,2016,459,27,3,81,285,0,78
45-47,0,55-66,SysselsatteArb,2017,464,28,3,79,281,3,85
45-47,0,55-66,SysselsatteArb,2018,475,26,0,85,279,0,94
45-47,0,55-66,SysselsatteArb,2019,445,29,3,86,311,0,93
45-47,0,55-66,SysselsatteArb,2020,426,26,6,83,340,NA,96
45-47,0,67-74,SysselsatteArb,2008,36,3,0,7,31,0,6
45-47,0,67-74,SysselsatteArb,2009,51,0,0,9,38,0,10
45-47,0,67-74,SysselsatteArb,2010,57,3,0,8,39,0,6
45-47,0,67-74,SysselsatteArb,2011,58,0,0,8,40,0,10
45-47,0,67-74,SysselsatteArb,2012,67,3,3,11,40,0,11
45-47,0,67-74,SysselsatteArb,2013,67,0,0,7,35,0,12
45-47,0,67-74,SysselsatteArb,2014,73,0,0,10,37,0,9
45-47,0,67-74,SysselsatteArb,2015,52,0,0,7,38,0,8
45-47,0,67-74,SysselsatteArb,2016,57,3,3,7,32,0,5
45-47,0,67-74,SysselsatteArb,2017,63,0,0,7,36,0,11
45-47,0,67-74,SysselsatteArb,2018,56,3,0,7,34,0,9
45-47,0,67-74,SysselsatteArb,2019,50,3,0,4,28,0,16
45-47,0,67-74,SysselsatteArb,2020,42,3,0,4,34,NA,13
49-53,0,15-74,SysselsatteArb,2008,1261,82,35,191,1402,26,213
49-53,0,15-74,SysselsatteArb,2009,1249,82,27,181,1388,22,194
49-53,0,15-74,SysselsatteArb,2010,1141,85,28,135,1424,22,207
49-53,0,15-74,SysselsatteArb,2011,1174,93,21,137,1346,24,201
49-53,0,15-74,SysselsatteArb,2012,1211,90,20,127,1365,20,195
49-53,0,15-74,SysselsatteArb,2013,1046,70,24,130,1470,19,225
49-53,0,15-74,SysselsatteArb,2014,1069,66,27,137,1495,21,231
49-53,0,15-74,SysselsatteArb,2015,1067,64,26,135,1441,18,315
49-53,0,15-74,SysselsatteArb,2016,1001,67,30,109,1362,19,309
49-53,0,15-74,SysselsatteArb,2017,996,77,32,216,1407,20,304
49-53,0,15-74,SysselsatteArb,2018,999,69,27,105,1431,17,288
49-53,0,15-74,SysselsatteArb,2019,993,70,33,92,1430,20,269
49-53,0,15-74,SysselsatteArb,2020,820,75,31,178,1443,25,259
49-53,0,55-66,SysselsatteArb,2008,281,22,6,38,247,4,53
49-53,0,55-66,SysselsatteArb,2009,277,22,3,31,257,0,53
49-53,0,55-66,SysselsatteArb,2010,280,19,3,17,281,0,56
49-53,0,55-66,SysselsatteArb,2011,299,26,3,19,258,3,55
49-53,0,55-66,SysselsatteArb,2012,304,26,3,17,264,3,54
49-53,0,55-66,SysselsatteArb,2013,249,17,6,25,325,4,60
49-53,0,55-66,SysselsatteArb,2014,244,18,3,28,318,3,66
49-53,0,55-66,SysselsatteArb,2015,251,16,9,27,324,3,64
49-53,0,55-66,SysselsatteArb,2016,229,16,9,26,307,3,55
49-53,0,55-66,SysselsatteArb,2017,228,17,13,38,312,3,57
49-53,0,55-66,SysselsatteArb,2018,215,19,12,21,304,3,47
49-53,0,55-66,SysselsatteArb,2019,216,17,12,19,320,6,51
49-53,0,55-66,SysselsatteArb,2020,163,20,9,40,357,3,46
49-53,0,67-74,SysselsatteArb,2008,32,4,0,3,32,0,8
49-53,0,67-74,SysselsatteArb,2009,31,3,0,6,26,0,8
49-53,0,67-74,SysselsatteArb,2010,36,3,0,5,27,0,10
49-53,0,67-74,SysselsatteArb,2011,49,3,0,4,29,0,12
49-53,0,67-74,SysselsatteArb,2012,52,3,0,6,35,0,10
49-53,0,67-74,SysselsatteArb,2013,63,3,0,0,39,0,17
49-53,0,67-74,SysselsatteArb,2014,64,0,3,0,45,0,21
49-53,0,67-74,SysselsatteArb,2015,56,3,0,4,18,0,17
49-53,0,67-74,SysselsatteArb,2016,48,3,0,3,22,0,18
49-53,0,67-74,SysselsatteArb,2017,53,3,0,3,27,0,22
49-53,0,67-74,SysselsatteArb,2018,52,3,0,3,37,0,23
49-53,0,67-74,SysselsatteArb,2019,48,3,0,3,41,0,19
49-53,0,67-74,SysselsatteArb,2020,21,3,0,6,52,0,21
55-56,0,15-74,SysselsatteArb,2008,863,50,9,156,267,9,84
55-56,0,15-74,SysselsatteArb,2009,774,52,6,163,255,3,120
55-56,0,15-74,SysselsatteArb,2010,838,59,0,181,257,6,115
55-56,0,15-74,SysselsatteArb,2011,833,56,0,124,281,3,141
55-56,0,15-74,SysselsatteArb,2012,871,41,3,136,285,3,106
55-56,0,15-74,SysselsatteArb,2013,939,46,3,126,336,7,71
55-56,0,15-74,SysselsatteArb,2014,965,42,0,134,343,6,69
55-56,0,15-74,SysselsatteArb,2015,827,48,3,89,259,3,19
55-56,0,15-74,SysselsatteArb,2016,908,44,3,92,265,0,23
55-56,0,15-74,SysselsatteArb,2017,924,55,3,92,265,3,21
55-56,0,15-74,SysselsatteArb,2018,880,57,3,81,315,3,19
55-56,0,15-74,SysselsatteArb,2019,898,59,0,88,280,0,23
55-56,0,15-74,SysselsatteArb,2020,751,33,0,80,269,0,41
55-56,0,55-66,SysselsatteArb,2008,61,3,3,14,12,3,8
55-56,0,55-66,SysselsatteArb,2009,63,3,0,19,14,0,10
55-56,0,55-66,SysselsatteArb,2010,64,4,0,21,21,3,13
55-56,0,55-66,SysselsatteArb,2011,62,7,0,18,18,0,9
55-56,0,55-66,SysselsatteArb,2012,68,6,0,16,19,0,11
55-56,0,55-66,SysselsatteArb,2013,69,3,0,11,21,0,9
55-56,0,55-66,SysselsatteArb,2014,69,0,0,12,28,3,9
55-56,0,55-66,SysselsatteArb,2015,63,3,0,9,22,0,3
55-56,0,55-66,SysselsatteArb,2016,64,3,0,10,21,0,3
55-56,0,55-66,SysselsatteArb,2017,73,3,0,10,21,0,3
55-56,0,55-66,SysselsatteArb,2018,68,7,0,10,25,0,3
55-56,0,55-66,SysselsatteArb,2019,69,6,0,10,22,0,3
55-56,0,55-66,SysselsatteArb,2020,58,3,0,7,25,0,7
55-56,0,67-74,SysselsatteArb,2008,3,0,0,0,3,0,0
55-56,0,67-74,SysselsatteArb,2009,6,0,0,3,3,0,0
55-56,0,67-74,SysselsatteArb,2010,9,0,0,3,3,0,3
55-56,0,67-74,SysselsatteArb,2011,9,0,0,3,7,3,3
55-56,0,67-74,SysselsatteArb,2012,11,0,0,3,5,0,0
55-56,0,67-74,SysselsatteArb,2013,10,0,0,3,8,0,0
55-56,0,67-74,SysselsatteArb,2014,6,0,0,3,7,0,0
55-56,0,67-74,SysselsatteArb,2015,9,0,0,3,6,3,0
55-56,0,67-74,SysselsatteArb,2016,8,0,0,3,3,0,0
55-56,0,67-74,SysselsatteArb,2017,8,0,0,0,6,0,0
55-56,0,67-74,SysselsatteArb,2018,7,0,0,0,3,3,0
55-56,0,67-74,SysselsatteArb,2019,9,0,0,0,3,0,0
55-56,0,67-74,SysselsatteArb,2020,6,0,0,3,4,0,0
58-63,0,15-74,SysselsatteArb,2008,405,18,0,11,136,0,168
58-63,0,15-74,SysselsatteArb,2009,400,18,0,12,146,0,161
58-63,0,15-74,SysselsatteArb,2010,429,14,0,104,157,0,171
58-63,0,15-74,SysselsatteArb,2011,439,14,0,105,133,0,209
58-63,0,15-74,SysselsatteArb,2012,450,14,0,117,160,0,199
58-63,0,15-74,SysselsatteArb,2013,458,18,0,100,158,0,191
58-63,0,15-74,SysselsatteArb,2014,477,21,3,88,135,0,144
58-63,0,15-74,SysselsatteArb,2015,463,24,3,50,141,0,182
58-63,0,15-74,SysselsatteArb,2016,474,11,0,40,155,0,208
58-63,0,15-74,SysselsatteArb,2017,483,12,0,62,163,0,127
58-63,0,15-74,SysselsatteArb,2018,530,12,3,60,180,0,135
58-63,0,15-74,SysselsatteArb,2019,577,15,3,101,186,0,145
58-63,0,15-74,SysselsatteArb,2020,604,13,NA,115,194,0,149
58-63,0,55-66,SysselsatteArb,2008,69,3,0,0,15,0,3
58-63,0,55-66,SysselsatteArb,2009,69,3,0,3,11,0,9
58-63,0,55-66,SysselsatteArb,2010,75,0,0,20,12,0,20
58-63,0,55-66,SysselsatteArb,2011,69,0,0,18,13,0,30
58-63,0,55-66,SysselsatteArb,2012,63,0,0,23,12,0,18
58-63,0,55-66,SysselsatteArb,2013,66,0,0,21,15,0,20
58-63,0,55-66,SysselsatteArb,2014,69,3,0,21,12,0,17
58-63,0,55-66,SysselsatteArb,2015,65,3,0,6,12,0,30
58-63,0,55-66,SysselsatteArb,2016,66,0,0,6,12,0,28
58-63,0,55-66,SysselsatteArb,2017,78,3,0,16,17,0,21
58-63,0,55-66,SysselsatteArb,2018,72,3,0,17,17,0,24
58-63,0,55-66,SysselsatteArb,2019,84,3,0,26,15,0,18
58-63,0,55-66,SysselsatteArb,2020,83,0,NA,28,13,0,18
58-63,0,67-74,SysselsatteArb,2008,4,0,0,0,0,0,3
58-63,0,67-74,SysselsatteArb,2009,7,0,0,0,3,0,0
58-63,0,67-74,SysselsatteArb,2010,6,0,0,3,3,0,0
58-63,0,67-74,SysselsatteArb,2011,6,0,0,5,3,0,0
58-63,0,67-74,SysselsatteArb,2012,6,0,0,3,3,0,0
58-63,0,67-74,SysselsatteArb,2013,5,0,0,3,3,0,0
58-63,0,67-74,SysselsatteArb,2014,3,0,0,0,3,0,0
58-63,0,67-74,SysselsatteArb,2015,3,0,0,0,3,0,0
58-63,0,67-74,SysselsatteArb,2016,3,0,0,3,3,0,0
58-63,0,67-74,SysselsatteArb,2017,3,0,0,0,3,0,3
58-63,0,67-74,SysselsatteArb,2018,4,0,0,0,0,0,3
58-63,0,67-74,SysselsatteArb,2019,7,0,0,3,3,0,0
58-63,0,67-74,SysselsatteArb,2020,8,0,NA,3,0,0,0
64-66,0,15-74,SysselsatteArb,2008,286,20,0,13,117,0,20
64-66,0,15-74,SysselsatteArb,2009,281,11,0,6,110,0,25
64-66,0,15-74,SysselsatteArb,2010,260,15,0,9,114,0,19
64-66,0,15-74,SysselsatteArb,2011,244,17,0,12,99,0,15
64-66,0,15-74,SysselsatteArb,2012,234,13,0,13,100,0,16
64-66,0,15-74,SysselsatteArb,2013,219,12,0,10,97,0,16
64-66,0,15-74,SysselsatteArb,2014,219,3,0,7,81,0,16
64-66,0,15-74,SysselsatteArb,2015,220,3,0,9,75,0,17
64-66,0,15-74,SysselsatteArb,2016,202,6,0,10,77,0,12
64-66,0,15-74,SysselsatteArb,2017,193,3,0,10,72,0,17
64-66,0,15-74,SysselsatteArb,2018,178,3,0,10,67,0,15
64-66,0,15-74,SysselsatteArb,2019,172,3,0,10,64,0,16
64-66,0,15-74,SysselsatteArb,2020,166,NA,0,7,75,0,NA
64-66,0,55-66,SysselsatteArb,2008,115,3,0,3,29,0,8
64-66,0,55-66,SysselsatteArb,2009,107,3,0,0,27,0,8
64-66,0,55-66,SysselsatteArb,2010,101,6,0,0,29,0,5
64-66,0,55-66,SysselsatteArb,2011,95,6,0,3,31,0,5
64-66,0,55-66,SysselsatteArb,2012,102,3,0,3,27,0,7
64-66,0,55-66,SysselsatteArb,2013,94,3,0,3,26,0,7
64-66,0,55-66,SysselsatteArb,2014,97,0,0,3,23,0,7
64-66,0,55-66,SysselsatteArb,2015,92,0,0,3,23,0,4
64-66,0,55-66,SysselsatteArb,2016,83,0,0,3,28,0,3
64-66,0,55-66,SysselsatteArb,2017,76,0,0,3,20,0,7
64-66,0,55-66,SysselsatteArb,2018,70,0,0,3,20,0,6
64-66,0,55-66,SysselsatteArb,2019,60,0,0,3,18,0,3
64-66,0,55-66,SysselsatteArb,2020,56,NA,0,0,17,0,NA
64-66,0,67-74,SysselsatteArb,2008,6,3,0,0,3,0,0
64-66,0,67-74,SysselsatteArb,2009,3,0,0,0,0,0,0
64-66,0,67-74,SysselsatteArb,2010,3,0,0,0,0,0,0
64-66,0,67-74,SysselsatteArb,2011,3,0,0,0,3,0,0
64-66,0,67-74,SysselsatteArb,2012,3,0,0,0,0,0,0
64-66,0,67-74,SysselsatteArb,2013,3,0,0,0,0,0,0
64-66,0,67-74,SysselsatteArb,2014,0,0,0,0,0,0,0
64-66,0,67-74,SysselsatteArb,2015,0,0,0,0,0,0,0
64-66,0,67-74,SysselsatteArb,2016,7,0,0,0,0,0,0
64-66,0,67-74,SysselsatteArb,2017,8,0,0,0,0,0,0
64-66,0,67-74,SysselsatteArb,2018,5,0,0,0,0,0,0
64-66,0,67-74,SysselsatteArb,2019,0,0,0,0,0,0,3
64-66,0,67-74,SysselsatteArb,2020,3,NA,0,0,3,0,NA
68-75,0,15-74,SysselsatteArb,2008,995,31,3,63,420,0,117
68-75,0,15-74,SysselsatteArb,2009,1028,30,3,62,415,3,125
68-75,0,15-74,SysselsatteArb,2010,1207,35,6,76,416,3,122
68-75,0,15-74,SysselsatteArb,2011,1239,30,3,69,432,0,107
68-75,0,15-74,SysselsatteArb,2012,1284,28,3,72,414,3,119
68-75,0,15-74,SysselsatteArb,2013,1372,32,0,86,444,3,126
68-75,0,15-74,SysselsatteArb,2014,1391,37,0,96,495,0,210
68-75,0,15-74,SysselsatteArb,2015,1384,31,0,84,473,0,172
68-75,0,15-74,SysselsatteArb,2016,1332,31,3,151,448,3,136
68-75,0,15-74,SysselsatteArb,2017,1369,24,3,136,461,0,182
68-75,0,15-74,SysselsatteArb,2018,1202,28,0,169,462,0,187
68-75,0,15-74,SysselsatteArb,2019,1173,29,0,177,480,0,209
68-75,0,15-74,SysselsatteArb,2020,1098,33,NA,153,487,NA,216
68-75,0,55-66,SysselsatteArb,2008,202,8,0,9,78,0,15
68-75,0,55-66,SysselsatteArb,2009,205,10,0,9,92,3,19
68-75,0,55-66,SysselsatteArb,2010,237,13,0,12,102,3,23
68-75,0,55-66,SysselsatteArb,2011,251,13,0,16,96,0,22
68-75,0,55-66,SysselsatteArb,2012,255,8,0,20,86,3,20
68-75,0,55-66,SysselsatteArb,2013,262,6,0,23,113,0,20
68-75,0,55-66,SysselsatteArb,2014,250,13,0,26,118,0,28
68-75,0,55-66,SysselsatteArb,2015,252,6,0,23,113,0,32
68-75,0,55-66,SysselsatteArb,2016,236,6,0,29,106,3,26
68-75,0,55-66,SysselsatteArb,2017,236,4,0,31,109,0,31
68-75,0,55-66,SysselsatteArb,2018,217,5,0,35,96,0,34
68-75,0,55-66,SysselsatteArb,2019,211,4,0,32,98,0,37
68-75,0,55-66,SysselsatteArb,2020,204,8,NA,28,89,NA,41
68-75,0,67-74,SysselsatteArb,2008,11,3,0,3,10,0,8
68-75,0,67-74,SysselsatteArb,2009,19,3,0,4,17,0,6
68-75,0,67-74,SysselsatteArb,2010,21,3,0,3,16,0,9
68-75,0,67-74,SysselsatteArb,2011,31,4,0,0,21,0,3
68-75,0,67-74,SysselsatteArb,2012,34,3,0,3,25,0,5
68-75,0,67-74,SysselsatteArb,2013,46,4,0,4,29,0,5
68-75,0,67-74,SysselsatteArb,2014,49,5,0,6,35,0,9
68-75,0,67-74,SysselsatteArb,2015,33,3,0,6,29,0,3
68-75,0,67-74,SysselsatteArb,2016,45,3,0,10,31,0,11
68-75,0,67-74,SysselsatteArb,2017,59,3,0,9,35,0,5
68-75,0,67-74,SysselsatteArb,2018,61,3,0,8,39,0,5
68-75,0,67-74,SysselsatteArb,2019,65,3,0,11,43,0,9
68-75,0,67-74,SysselsatteArb,2020,49,3,NA,7,47,NA,7
77-82,0,15-74,SysselsatteArb,2008,1029,89,9,31,514,11,180
77-82,0,15-74,SysselsatteArb,2009,867,75,6,34,445,12,175
77-82,0,15-74,SysselsatteArb,2010,823,77,6,32,472,3,187
77-82,0,15-74,SysselsatteArb,2011,886,76,3,70,563,17,225
77-82,0,15-74,SysselsatteArb,2012,924,84,3,85,671,14,282
77-82,0,15-74,SysselsatteArb,2013,890,75,6,138,628,13,274
77-82,0,15-74,SysselsatteArb,2014,915,97,3,167,616,9,324
77-82,0,15-74,SysselsatteArb,2015,678,63,9,169,586,6,162
77-82,0,15-74,SysselsatteArb,2016,613,61,6,152,727,3,170
77-82,0,15-74,SysselsatteArb,2017,752,65,6,169,810,6,168
77-82,0,15-74,SysselsatteArb,2018,647,68,6,180,892,6,160
77-82,0,15-74,SysselsatteArb,2019,765,67,3,180,861,6,157
77-82,0,15-74,SysselsatteArb,2020,717,64,NA,202,883,3,163
77-82,0,55-66,SysselsatteArb,2008,124,15,3,8,102,0,35
77-82,0,55-66,SysselsatteArb,2009,120,7,3,15,93,0,27
77-82,0,55-66,SysselsatteArb,2010,124,8,6,9,94,0,35
77-82,0,55-66,SysselsatteArb,2011,133,4,3,16,109,0,32
77-82,0,55-66,SysselsatteArb,2012,135,6,3,12,120,4,39
77-82,0,55-66,SysselsatteArb,2013,121,9,3,27,116,3,40
77-82,0,55-66,SysselsatteArb,2014,118,13,0,33,136,0,55
77-82,0,55-66,SysselsatteArb,2015,107,10,0,33,125,0,37
77-82,0,55-66,SysselsatteArb,2016,102,9,0,27,136,3,40
77-82,0,55-66,SysselsatteArb,2017,115,10,0,27,153,3,41
77-82,0,55-66,SysselsatteArb,2018,103,12,0,36,163,0,44
77-82,0,55-66,SysselsatteArb,2019,113,12,0,37,153,3,41
77-82,0,55-66,SysselsatteArb,2020,105,9,NA,44,150,0,47
77-82,0,67-74,SysselsatteArb,2008,13,3,0,3,12,0,6
77-82,0,67-74,SysselsatteArb,2009,12,6,0,0,11,0,3
77-82,0,67-74,SysselsatteArb,2010,10,0,0,0,7,0,0
77-82,0,67-74,SysselsatteArb,2011,4,3,0,0,10,3,6
77-82,0,67-74,SysselsatteArb,2012,12,0,0,3,20,0,3
77-82,0,67-74,SysselsatteArb,2013,12,0,0,3,19,0,7
77-82,0,67-74,SysselsatteArb,2014,14,0,0,6,10,0,3
77-82,0,67-74,SysselsatteArb,2015,12,3,0,3,7,0,3
77-82,0,67-74,SysselsatteArb,2016,8,0,3,3,11,0,3
77-82,0,67-74,SysselsatteArb,2017,4,0,0,3,12,0,6
77-82,0,67-74,SysselsatteArb,2018,10,0,0,0,12,0,3
77-82,0,67-74,SysselsatteArb,2019,13,0,0,0,13,0,4
77-82,0,67-74,SysselsatteArb,2020,13,3,NA,0,10,0,8
84,0,15-74,SysselsatteArb,2008,927,83,14,143,394,10,158
84,0,15-74,SysselsatteArb,2009,968,94,15,153,367,6,151
84,0,15-74,SysselsatteArb,2010,1022,95,14,145,379,13,166
84,0,15-74,SysselsatteArb,2011,1020,105,21,163,390,7,177
84,0,15-74,SysselsatteArb,2012,1068,95,16,165,448,9,181
84,0,15-74,SysselsatteArb,2013,1094,93,18,160,466,6,186
84,0,15-74,SysselsatteArb,2014,1152,89,17,164,474,9,196
84,0,15-74,SysselsatteArb,2015,1080,89,15,134,427,9,184
84,0,15-74,SysselsatteArb,2016,1121,96,13,142,476,6,187
84,0,15-74,SysselsatteArb,2017,1114,94,16,134,469,6,184
84,0,15-74,SysselsatteArb,2018,1122,88,12,139,437,6,188
84,0,15-74,SysselsatteArb,2019,1276,86,21,129,476,6,194
84,0,15-74,SysselsatteArb,2020,1157,97,18,143,481,6,177
84,0,55-66,SysselsatteArb,2008,216,18,4,42,84,3,49
84,0,55-66,SysselsatteArb,2009,200,24,4,38,81,0,44
84,0,55-66,SysselsatteArb,2010,205,20,6,39,89,3,43
84,0,55-66,SysselsatteArb,2011,211,20,10,38,94,3,46
84,0,55-66,SysselsatteArb,2012,214,20,8,40,94,3,43
84,0,55-66,SysselsatteArb,2013,226,24,8,40,107,3,42
84,0,55-66,SysselsatteArb,2014,239,25,6,38,102,0,40
84,0,55-66,SysselsatteArb,2015,246,21,7,36,98,3,36
84,0,55-66,SysselsatteArb,2016,254,20,6,31,96,3,32
84,0,55-66,SysselsatteArb,2017,235,20,6,29,94,3,28
84,0,55-66,SysselsatteArb,2018,230,15,3,33,84,3,27
84,0,55-66,SysselsatteArb,2019,247,16,6,36,92,0,37
84,0,55-66,SysselsatteArb,2020,232,20,6,32,95,3,33
84,0,67-74,SysselsatteArb,2008,12,0,0,3,3,0,3
84,0,67-74,SysselsatteArb,2009,6,0,0,3,6,0,6
84,0,67-74,SysselsatteArb,2010,26,0,0,3,4,0,3
84,0,67-74,SysselsatteArb,2011,27,0,3,7,10,0,6
84,0,67-74,SysselsatteArb,2012,27,0,0,6,3,0,3
84,0,67-74,SysselsatteArb,2013,20,0,3,3,3,0,8
84,0,67-74,SysselsatteArb,2014,18,0,0,3,10,3,6
84,0,67-74,SysselsatteArb,2015,10,3,0,4,9,0,3
84,0,67-74,SysselsatteArb,2016,18,3,0,6,8,0,3
84,0,67-74,SysselsatteArb,2017,14,0,0,5,8,0,5
84,0,67-74,SysselsatteArb,2018,15,0,0,3,5,0,4
84,0,67-74,SysselsatteArb,2019,14,3,3,0,6,3,6
84,0,67-74,SysselsatteArb,2020,13,0,0,0,7,0,7
85,0,15-74,SysselsatteArb,2008,1422,209,32,353,1203,10,349
85,0,15-74,SysselsatteArb,2009,1535,224,39,386,1244,9,330
85,0,15-74,SysselsatteArb,2010,1632,232,42,387,1199,9,349
85,0,15-74,SysselsatteArb,2011,1637,231,45,392,1154,12,353
85,0,15-74,SysselsatteArb,2012,1721,222,33,406,1162,11,356
85,0,15-74,SysselsatteArb,2013,1709,214,33,353,1197,12,369
85,0,15-74,SysselsatteArb,2014,1733,225,35,353,1244,13,370
85,0,15-74,SysselsatteArb,2015,1680,216,28,342,1197,10,377
85,0,15-74,SysselsatteArb,2016,1764,221,34,338,1213,9,372
85,0,15-74,SysselsatteArb,2017,1771,201,29,342,1257,13,378
85,0,15-74,SysselsatteArb,2018,1743,209,26,348,1294,17,386
85,0,15-74,SysselsatteArb,2019,1716,208,26,340,1318,12,370
85,0,15-74,SysselsatteArb,2020,1720,215,23,345,1333,NA,385
85,0,55-66,SysselsatteArb,2008,369,59,7,87,282,3,98
85,0,55-66,SysselsatteArb,2009,382,57,9,92,298,3,94
85,0,55-66,SysselsatteArb,2010,404,57,5,97,280,3,92
85,0,55-66,SysselsatteArb,2011,406,64,5,101,278,3,88
85,0,55-66,SysselsatteArb,2012,425,66,9,102,288,3,92
85,0,55-66,SysselsatteArb,2013,406,59,9,88,277,6,94
85,0,55-66,SysselsatteArb,2014,418,68,10,80,296,7,88
85,0,55-66,SysselsatteArb,2015,404,64,7,85,273,4,87
85,0,55-66,SysselsatteArb,2016,425,63,6,89,271,6,84
85,0,55-66,SysselsatteArb,2017,413,61,6,84,258,4,77
85,0,55-66,SysselsatteArb,2018,397,59,8,84,251,7,81
85,0,55-66,SysselsatteArb,2019,380,54,5,77,254,5,82
85,0,55-66,SysselsatteArb,2020,376,52,5,82,241,NA,91
85,0,67-74,SysselsatteArb,2008,38,0,0,3,14,0,4
85,0,67-74,SysselsatteArb,2009,41,8,0,6,11,0,4
85,0,67-74,SysselsatteArb,2010,44,9,0,3,17,0,4
85,0,67-74,SysselsatteArb,2011,44,3,0,8,16,0,3
85,0,67-74,SysselsatteArb,2012,48,3,0,7,22,0,6
85,0,67-74,SysselsatteArb,2013,57,0,0,7,19,0,3
85,0,67-74,SysselsatteArb,2014,71,0,0,10,25,0,7
85,0,67-74,SysselsatteArb,2015,38,0,0,11,15,0,5
85,0,67-74,SysselsatteArb,2016,39,3,0,7,17,0,5
85,0,67-74,SysselsatteArb,2017,41,0,0,5,17,3,8
85,0,67-74,SysselsatteArb,2018,44,3,0,3,19,0,6
85,0,67-74,SysselsatteArb,2019,46,3,0,4,19,0,8
85,0,67-74,SysselsatteArb,2020,41,3,0,0,13,NA,3
86-88,0,15-74,SysselsatteArb,2008,4812,522,74,833,2771,21,563
86-88,0,15-74,SysselsatteArb,2009,4865,544,77,831,2885,24,577
86-88,0,15-74,SysselsatteArb,2010,4952,546,84,810,2807,24,575
86-88,0,15-74,SysselsatteArb,2011,5133,518,73,827,2950,24,599
86-88,0,15-74,SysselsatteArb,2012,5040,474,97,818,2929,23,636
86-88,0,15-74,SysselsatteArb,2013,5057,469,99,806,3002,21,662
86-88,0,15-74,SysselsatteArb,2014,5096,510,100,842,3162,22,693
86-88,0,15-74,SysselsatteArb,2015,5395,470,85,858,3151,23,694
86-88,0,15-74,SysselsatteArb,2016,5416,470,76,802,3167,27,706
86-88,0,15-74,SysselsatteArb,2017,5513,480,80,834,3197,24,704
86-88,0,15-74,SysselsatteArb,2018,5567,452,76,834,3297,20,740
86-88,0,15-74,SysselsatteArb,2019,5608,466,91,843,3280,20,742
86-88,0,15-74,SysselsatteArb,2020,5713,473,82,844,3208,NA,730
86-88,0,55-66,SysselsatteArb,2008,855,96,17,110,462,5,80
86-88,0,55-66,SysselsatteArb,2009,887,96,20,121,489,7,100
86-88,0,55-66,SysselsatteArb,2010,946,101,20,115,494,4,93
86-88,0,55-66,SysselsatteArb,2011,990,106,15,127,510,7,110
86-88,0,55-66,SysselsatteArb,2012,1038,102,18,122,521,8,121
86-88,0,55-66,SysselsatteArb,2013,1097,101,15,130,538,7,123
86-88,0,55-66,SysselsatteArb,2014,1110,108,16,138,540,3,140
86-88,0,55-66,SysselsatteArb,2015,1158,107,16,140,520,0,146
86-88,0,55-66,SysselsatteArb,2016,1144,107,14,143,532,6,137
86-88,0,55-66,SysselsatteArb,2017,1156,112,11,150,543,5,146
86-88,0,55-66,SysselsatteArb,2018,1131,107,10,141,551,5,142
86-88,0,55-66,SysselsatteArb,2019,1117,111,14,147,556,7,147
86-88,0,55-66,SysselsatteArb,2020,1137,104,8,142,548,NA,157
86-88,0,67-74,SysselsatteArb,2008,87,17,0,15,21,0,7
86-88,0,67-74,SysselsatteArb,2009,95,13,0,14,27,0,11
86-88,0,67-74,SysselsatteArb,2010,76,13,3,17,17,3,9
86-88,0,67-74,SysselsatteArb,2011,87,12,0,18,27,0,7
86-88,0,67-74,SysselsatteArb,2012,85,8,0,18,21,0,8
86-88,0,67-74,SysselsatteArb,2013,87,9,3,20,36,0,17
86-88,0,67-74,SysselsatteArb,2014,75,12,3,24,44,0,18
86-88,0,67-74,SysselsatteArb,2015,113,7,0,20,56,3,17
86-88,0,67-74,SysselsatteArb,2016,120,13,0,13,58,3,19
86-88,0,67-74,SysselsatteArb,2017,125,9,4,14,51,3,17
86-88,0,67-74,SysselsatteArb,2018,131,6,3,13,58,3,21
86-88,0,67-74,SysselsatteArb,2019,128,5,3,11,63,0,12
86-88,0,67-74,SysselsatteArb,2020,130,5,4,8,57,NA,9
90-99,0,15-74,SysselsatteArb,2008,675,46,3,85,371,3,49
90-99,0,15-74,SysselsatteArb,2009,627,75,3,84,404,3,51
90-99,0,15-74,SysselsatteArb,2010,628,52,3,93,372,0,49
90-99,0,15-74,SysselsatteArb,2011,636,56,3,91,384,3,46
90-99,0,15-74,SysselsatteArb,2012,630,65,6,97,370,3,46
90-99,0,15-74,SysselsatteArb,2013,650,69,6,100,371,3,50
90-99,0,15-74,SysselsatteArb,2014,646,37,6,102,356,6,56
90-99,0,15-74,SysselsatteArb,2015,658,43,6,96,416,3,61
90-99,0,15-74,SysselsatteArb,2016,683,46,3,105,437,3,59
90-99,0,15-74,SysselsatteArb,2017,740,46,3,108,426,6,58
90-99,0,15-74,SysselsatteArb,2018,716,55,6,108,403,3,59
90-99,0,15-74,SysselsatteArb,2019,703,55,9,129,409,3,55
90-99,0,15-74,SysselsatteArb,2020,713,53,3,111,407,3,50
90-99,0,55-66,SysselsatteArb,2008,93,11,0,14,61,0,9
90-99,0,55-66,SysselsatteArb,2009,92,10,3,14,67,3,7
90-99,0,55-66,SysselsatteArb,2010,83,13,3,15,53,0,13
90-99,0,55-66,SysselsatteArb,2011,87,12,3,16,58,3,13
90-99,0,55-66,SysselsatteArb,2012,96,10,3,16,66,3,16
90-99,0,55-66,SysselsatteArb,2013,100,13,3,16,68,0,18
90-99,0,55-66,SysselsatteArb,2014,98,12,3,19,61,0,18
90-99,0,55-66,SysselsatteArb,2015,91,13,3,11,69,0,21
90-99,0,55-66,SysselsatteArb,2016,111,11,0,13,72,0,22
90-99,0,55-66,SysselsatteArb,2017,110,12,0,14,67,0,23
90-99,0,55-66,SysselsatteArb,2018,107,12,3,16,59,3,22
90-99,0,55-66,SysselsatteArb,2019,106,13,0,27,62,0,20
90-99,0,55-66,SysselsatteArb,2020,113,12,0,24,70,0,16
90-99,0,67-74,SysselsatteArb,2008,19,3,0,3,7,0,3
90-99,0,67-74,SysselsatteArb,2009,20,3,0,3,12,0,3
90-99,0,67-74,SysselsatteArb,2010,16,3,0,6,14,0,3
90-99,0,67-74,SysselsatteArb,2011,16,3,0,3,12,0,4
90-99,0,67-74,SysselsatteArb,2012,18,4,0,4,8,0,3
90-99,0,67-74,SysselsatteArb,2013,19,6,3,7,14,0,3
90-99,0,67-74,SysselsatteArb,2014,22,3,0,9,19,3,3
90-99,0,67-74,SysselsatteArb,2015,18,3,0,5,20,0,3
90-99,0,67-74,SysselsatteArb,2016,18,3,0,3,16,0,4
90-99,0,67-74,SysselsatteArb,2017,26,0,0,3,15,0,0
90-99,0,67-74,SysselsatteArb,2018,26,3,0,6,22,0,3
90-99,0,67-74,SysselsatteArb,2019,30,4,6,12,20,0,3
90-99,0,67-74,SysselsatteArb,2020,25,4,0,3,17,0,3
00,0,15-74,SysselsatteArb,2008,74,10,3,19,97,0,20
00,0,15-74,SysselsatteArb,2009,82,9,0,22,94,0,17
00,0,15-74,SysselsatteArb,2010,93,18,3,28,101,0,32
00,0,15-74,SysselsatteArb,2011,80,12,3,24,88,0,19
00,0,15-74,SysselsatteArb,2012,81,11,6,27,95,0,17
00,0,15-74,SysselsatteArb,2013,76,11,3,22,103,0,20
00,0,15-74,SysselsatteArb,2014,75,10,6,23,96,0,16
00,0,15-74,SysselsatteArb,2015,126,28,3,64,165,3,44
00,0,15-74,SysselsatteArb,2016,123,21,6,56,165,3,43
00,0,15-74,SysselsatteArb,2017,124,23,3,47,158,3,40
00,0,15-74,SysselsatteArb,2018,114,16,3,41,139,0,38
00,0,15-74,SysselsatteArb,2019,100,15,3,38,129,3,35
00,0,15-74,SysselsatteArb,2020,90,NA,3,33,107,NA,31
00,0,55-66,SysselsatteArb,2008,21,7,0,3,31,0,7
00,0,55-66,SysselsatteArb,2009,19,6,0,4,31,0,6
00,0,55-66,SysselsatteArb,2010,20,9,0,9,35,0,10
00,0,55-66,SysselsatteArb,2011,21,5,0,7,30,0,4
00,0,55-66,SysselsatteArb,2012,24,5,0,5,31,0,6
00,0,55-66,SysselsatteArb,2013,19,8,0,9,37,0,6
00,0,55-66,SysselsatteArb,2014,19,4,0,9,31,0,6
00,0,55-66,SysselsatteArb,2015,39,7,3,25,52,3,13
00,0,55-66,SysselsatteArb,2016,36,8,0,19,42,3,12
00,0,55-66,SysselsatteArb,2017,31,4,0,18,45,0,10
00,0,55-66,SysselsatteArb,2018,32,7,0,20,36,0,4
00,0,55-66,SysselsatteArb,2019,27,6,0,16,35,0,10
00,0,55-66,SysselsatteArb,2020,18,NA,0,12,34,NA,13
00,0,67-74,SysselsatteArb,2008,11,0,0,0,8,0,3
00,0,67-74,SysselsatteArb,2009,12,0,0,3,8,0,0
00,0,67-74,SysselsatteArb,2010,10,3,0,0,10,0,6
00,0,67-74,SysselsatteArb,2011,8,0,0,3,8,0,0
00,0,67-74,SysselsatteArb,2012,0,3,3,6,14,0,0
00,0,67-74,SysselsatteArb,2013,9,0,0,6,12,0,0
00,0,67-74,SysselsatteArb,2014,10,3,3,3,11,0,0
00,0,67-74,SysselsatteArb,2015,22,8,0,11,34,0,9
00,0,67-74,SysselsatteArb,2016,21,6,3,11,49,0,10
00,0,67-74,SysselsatteArb,2017,27,9,0,14,44,0,11
00,0,67-74,SysselsatteArb,2018,21,6,0,9,42,0,16
00,0,67-74,SysselsatteArb,2019,20,3,0,10,40,0,15
00,0,67-74,SysselsatteArb,2020,26,NA,0,8,29,NA,10
