Knr,Kjonn,Alder,ContentsCode,Aar,Alle naeringer,"Jordbruk, skogbruk og fiske",Bergverksdrift og utvinning,Industri,"Elektrisitet, vann og renevasjon",Bygge- og anleggsvirksomhet,"Varehandel, reparasjon av motorvogner",Transport og lagring,Overnattings- og serveringsvriksomhet,Informasjon og kommunikasjon,Finansiering og forsikring ,"Teknisk tjenesteyting, eiendosmdrift",Forretningsmessig tjenesteyting,"Off.adm., forsvar, sosialforsikring",Undervisning,Helse- og sosialtjenester,Personlig tjenesteyting,Uoppgitt
1106,0,15-74,Sysselsatte,2008,17611,130,859,2289,183,1134,2592,1054,723,376,245,757,1019,685,1324,3648,516,77
1106,0,15-74,Sysselsatte,2009,17294,114,881,2086,174,1138,2559,1035,681,351,233,803,831,713,1427,3679,507,82
1106,0,15-74,Sysselsatte,2010,17460,122,952,1885,182,1146,2539,1005,759,393,215,894,854,770,1466,3679,506,93
1106,0,15-74,Sysselsatte,2011,17901,124,1003,1936,186,1230,2558,969,763,400,198,923,921,764,1465,3832,548,81
1106,0,15-74,Sysselsatte,2012,18178,125,1117,1999,186,1249,2529,973,824,386,187,966,944,828,1519,3715,545,86
1106,0,15-74,Sysselsatte,2013,18337,115,1121,2018,195,1321,2482,969,875,400,173,1002,865,875,1507,3783,560,76
1106,0,15-74,Sysselsatte,2014,18609,120,1112,1983,211,1304,2516,1031,864,403,162,1054,930,886,1538,3851,567,77
1106,0,15-74,Sysselsatte,2015,17855,122,1028,1809,190,1241,2388,1029,746,371,156,974,762,832,1526,3969,582,130
1106,0,15-74,Sysselsatte,2016,17806,110,943,1744,183,1226,2378,999,772,362,148,958,807,848,1603,3998,614,113
1106,0,15-74,Sysselsatte,2017,18117,123,944,1765,183,1242,2357,990,815,364,147,993,891,834,1639,4067,642,121
1106,0,15-74,Sysselsatte,2018,18295,107,1094,1776,184,1236,2354,1021,805,415,141,930,874,861,1636,4107,642,112
1106,0,15-74,Sysselsatte,2019,18448,110,1141,1884,181,1225,2216,1006,804,443,132,952,913,935,1612,4187,608,99
1106,0,15-74,Sysselsatte,2020,18137,120,1130,1905,197,1146,2147,968,693,484,128,917,883,864,1600,4259,605,91
1106,0,55-66,Sysselsatte,2008,2852,21,127,354,36,120,326,237,45,54,87,135,117,139,309,641,81,23
1106,0,55-66,Sysselsatte,2009,2857,19,107,338,39,119,319,229,51,46,81,155,101,138,338,676,81,20
1106,0,55-66,Sysselsatte,2010,2970,17,135,301,38,132,318,225,54,59,75,183,103,153,357,723,74,23
1106,0,55-66,Sysselsatte,2011,3042,17,142,294,40,130,322,219,50,58,75,186,119,166,361,760,79,24
1106,0,55-66,Sysselsatte,2012,3110,19,154,284,40,147,337,213,59,53,79,183,121,163,374,759,98,27
1106,0,55-66,Sysselsatte,2013,3175,15,167,297,36,154,334,216,59,50,76,192,113,179,366,803,97,21
1106,0,55-66,Sysselsatte,2014,3219,18,182,291,33,163,337,212,63,47,67,194,127,179,374,819,93,20
1106,0,55-66,Sysselsatte,2015,3188,17,181,269,38,179,323,215,61,37,60,192,99,180,375,842,81,39
1106,0,55-66,Sysselsatte,2016,3191,15,185,274,41,180,329,204,67,39,55,182,106,169,389,827,97,32
1106,0,55-66,Sysselsatte,2017,3243,16,193,287,41,188,328,192,73,57,50,182,120,155,375,857,100,29
1106,0,55-66,Sysselsatte,2018,3301,17,241,306,37,185,348,190,68,58,46,169,132,153,377,845,97,32
1106,0,55-66,Sysselsatte,2019,3302,15,258,330,37,187,328,190,69,59,43,175,131,158,373,824,100,25
1106,0,55-66,Sysselsatte,2020,3300,16,265,341,41,194,322,190,67,58,38,165,142,149,360,833,101,18
1106,0,67-74,Sysselsatte,2008,274,8,0,27,0,17,29,19,7,7,3,14,10,4,33,69,16,11
1106,0,67-74,Sysselsatte,2009,288,6,0,24,3,13,42,16,6,8,3,19,7,6,36,72,17,10
1106,0,67-74,Sysselsatte,2010,276,8,0,13,3,19,41,18,4,7,3,18,5,24,38,49,16,10
1106,0,67-74,Sysselsatte,2011,323,11,4,21,3,14,45,28,9,8,3,26,5,25,35,61,16,9
1106,0,67-74,Sysselsatte,2012,333,12,5,25,0,16,51,30,10,6,3,27,10,22,36,62,15,3
1106,0,67-74,Sysselsatte,2013,355,10,3,20,0,20,48,36,5,10,3,38,13,16,39,65,20,9
1106,0,67-74,Sysselsatte,2014,370,14,0,20,3,18,56,39,3,3,0,35,15,15,55,60,24,10
1106,0,67-74,Sysselsatte,2015,329,10,0,18,0,21,35,37,3,6,0,24,14,10,26,81,21,23
1106,0,67-74,Sysselsatte,2016,360,9,0,14,3,21,32,35,3,3,3,38,11,18,28,98,22,22
1106,0,67-74,Sysselsatte,2017,386,13,0,18,3,22,35,42,3,0,6,49,9,11,37,85,25,28
1106,0,67-74,Sysselsatte,2018,392,8,0,17,3,21,32,45,3,3,6,55,5,14,39,95,25,21
1106,0,67-74,Sysselsatte,2019,394,8,3,19,0,23,31,44,6,6,0,56,12,7,33,102,24,20
1106,0,67-74,Sysselsatte,2020,386,8,4,23,0,21,29,41,3,7,3,45,18,7,29,101,22,25
1135,0,15-74,Sysselsatte,2008,2430,62,98,519,101,193,209,93,59,23,17,43,114,91,199,539,60,10
1135,0,15-74,Sysselsatte,2009,2430,59,101,460,109,194,210,98,69,20,15,41,94,101,206,557,87,9
1135,0,15-74,Sysselsatte,2010,2416,54,112,440,102,200,230,93,71,20,18,49,83,103,206,552,65,18
1135,0,15-74,Sysselsatte,2011,2419,57,119,423,105,204,217,96,75,24,15,52,84,112,211,543,70,12
1135,0,15-74,Sysselsatte,2012,2384,49,136,422,119,219,220,98,58,25,10,58,85,102,197,508,67,11
1135,0,15-74,Sysselsatte,2013,2364,47,139,431,108,224,201,98,66,23,9,54,78,109,193,501,72,11
1135,0,15-74,Sysselsatte,2014,2391,49,132,434,111,225,202,94,56,20,9,64,97,98,195,541,54,10
1135,0,15-74,Sysselsatte,2015,2267,45,121,405,103,215,186,87,60,23,6,53,75,96,201,506,60,25
1135,0,15-74,Sysselsatte,2016,2229,45,107,370,109,227,179,94,59,14,6,51,71,99,217,500,63,18
1135,0,15-74,Sysselsatte,2017,2239,32,118,357,117,238,175,100,67,12,6,45,79,102,205,504,60,22
1135,0,15-74,Sysselsatte,2018,2226,39,122,358,120,221,192,84,67,10,6,41,85,96,214,490,65,16
1135,0,15-74,Sysselsatte,2019,2234,37,140,370,111,222,178,86,67,21,6,40,81,91,195,506,65,18
1135,0,15-74,Sysselsatte,2020,2212,40,138,365,114,218,170,94,40,19,3,41,79,94,205,513,61,18
1135,0,55-66,Sysselsatte,2008,444,13,10,108,23,27,23,23,0,3,6,11,16,20,51,94,12,4
1135,0,55-66,Sysselsatte,2009,442,14,12,105,26,28,24,23,3,3,3,10,7,24,49,96,12,3
1135,0,55-66,Sysselsatte,2010,468,13,12,112,26,22,30,23,4,3,6,14,11,22,49,100,15,6
1135,0,55-66,Sysselsatte,2011,483,6,14,115,28,28,29,27,7,3,3,15,7,24,56,103,13,5
1135,0,55-66,Sysselsatte,2012,484,9,16,119,33,26,32,28,3,0,3,11,6,23,59,100,11,5
1135,0,55-66,Sysselsatte,2013,508,6,20,117,35,31,37,30,6,0,0,12,11,27,52,104,12,8
1135,0,55-66,Sysselsatte,2014,531,6,24,120,40,35,32,30,3,0,3,17,10,28,60,108,11,4
1135,0,55-66,Sysselsatte,2015,522,4,25,120,34,37,35,24,4,3,0,12,11,26,58,107,15,7
1135,0,55-66,Sysselsatte,2016,520,8,27,117,36,40,31,27,3,0,0,8,11,25,57,107,15,8
1135,0,55-66,Sysselsatte,2017,519,3,31,114,37,41,29,29,3,0,0,9,11,26,57,111,14,4
1135,0,55-66,Sysselsatte,2018,504,7,29,111,37,38,30,27,4,0,0,7,14,21,56,104,15,4
1135,0,55-66,Sysselsatte,2019,513,6,30,108,40,42,33,24,7,3,0,5,14,20,50,110,15,6
1135,0,55-66,Sysselsatte,2020,514,8,32,110,44,50,29,28,3,3,0,5,8,21,47,106,14,6
1135,0,67-74,Sysselsatte,2008,42,3,0,3,0,3,4,5,0,0,0,0,7,0,0,17,0,0
1135,0,67-74,Sysselsatte,2009,50,3,0,3,0,3,3,4,0,0,0,3,7,0,8,13,3,0
1135,0,67-74,Sysselsatte,2010,40,3,0,0,0,3,3,3,0,0,0,0,0,3,6,13,3,3
1135,0,67-74,Sysselsatte,2011,53,11,0,6,3,3,3,0,0,3,0,3,3,0,3,12,3,0
1135,0,67-74,Sysselsatte,2012,40,9,0,3,0,4,0,3,0,3,0,3,3,0,0,5,4,3
1135,0,67-74,Sysselsatte,2013,50,11,0,3,3,9,0,3,0,3,0,3,0,3,0,6,6,0
1135,0,67-74,Sysselsatte,2014,43,9,0,3,0,3,0,3,0,0,0,4,0,3,0,12,3,3
1135,0,67-74,Sysselsatte,2015,46,6,0,0,0,4,0,3,0,0,0,3,3,3,3,10,3,8
1135,0,67-74,Sysselsatte,2016,41,3,0,3,0,4,0,3,0,0,0,3,0,3,3,13,3,3
1135,0,67-74,Sysselsatte,2017,42,4,0,0,0,7,0,3,0,0,0,4,3,3,0,9,0,9
1135,0,67-74,Sysselsatte,2018,50,4,0,6,0,7,3,0,3,0,0,3,0,3,3,9,3,6
1135,0,67-74,Sysselsatte,2019,47,5,3,4,0,5,3,3,0,0,0,0,3,3,0,8,4,6
1135,0,67-74,Sysselsatte,2020,42,5,0,4,0,3,3,3,0,0,0,0,3,3,0,8,4,6
1145,0,15-74,Sysselsatte,2008,412,57,30,48,3,28,41,55,12,6,3,6,9,18,25,68,3,0
1145,0,15-74,Sysselsatte,2009,407,61,31,39,0,28,40,51,16,3,3,9,6,20,28,69,3,0
1145,0,15-74,Sysselsatte,2010,420,63,36,36,3,26,33,52,17,6,0,11,12,17,33,66,6,3
1145,0,15-74,Sysselsatte,2011,428,72,39,39,3,24,37,47,12,6,3,12,10,19,35,64,3,3
1145,0,15-74,Sysselsatte,2012,425,63,42,39,3,24,39,50,9,6,3,6,12,19,23,75,9,3
1145,0,15-74,Sysselsatte,2013,439,55,46,44,0,35,34,56,3,6,0,6,16,17,32,77,9,3
1145,0,15-74,Sysselsatte,2014,434,55,45,46,0,36,39,56,3,6,0,6,10,18,28,77,6,3
1145,0,15-74,Sysselsatte,2015,424,61,42,42,0,42,32,56,6,3,3,3,10,12,27,76,6,3
1145,0,15-74,Sysselsatte,2016,427,68,41,40,3,35,34,58,3,3,3,3,12,18,24,73,3,6
1145,0,15-74,Sysselsatte,2017,424,79,36,39,0,40,29,56,6,3,0,3,12,17,23,75,3,3
1145,0,15-74,Sysselsatte,2018,425,73,39,45,0,35,37,53,3,3,3,3,9,16,23,74,6,3
1145,0,15-74,Sysselsatte,2019,443,75,40,47,0,31,37,47,3,6,0,3,6,21,24,88,9,6
1145,0,15-74,Sysselsatte,2020,439,67,36,56,0,34,40,47,6,6,3,6,6,14,22,89,7,0
1145,0,55-66,Sysselsatte,2008,82,14,4,9,0,5,7,8,0,0,3,3,3,7,7,12,0,0
1145,0,55-66,Sysselsatte,2009,81,14,6,8,0,6,8,7,0,0,0,0,3,6,8,15,0,0
1145,0,55-66,Sysselsatte,2010,76,8,3,4,0,6,9,7,0,3,0,0,6,6,7,14,3,0
1145,0,55-66,Sysselsatte,2011,71,9,3,8,0,3,8,6,0,0,0,0,3,7,8,13,0,3
1145,0,55-66,Sysselsatte,2012,78,5,5,5,0,4,12,9,0,0,0,0,3,7,10,12,3,3
1145,0,55-66,Sysselsatte,2013,79,4,5,11,0,4,11,10,0,3,0,0,0,8,9,11,3,0
1145,0,55-66,Sysselsatte,2014,79,6,4,7,0,5,12,10,0,3,0,0,0,3,10,13,3,3
1145,0,55-66,Sysselsatte,2015,90,8,4,8,0,7,10,16,3,0,0,0,0,6,9,13,3,3
1145,0,55-66,Sysselsatte,2016,92,7,8,8,0,8,10,15,3,0,0,0,3,6,8,16,0,0
1145,0,55-66,Sysselsatte,2017,88,10,4,7,0,7,9,19,3,0,0,0,0,7,12,10,0,0
1145,0,55-66,Sysselsatte,2018,82,8,4,8,0,6,10,18,0,0,0,0,0,7,11,10,0,0
1145,0,55-66,Sysselsatte,2019,89,9,5,8,0,6,9,17,3,0,0,0,0,8,8,16,0,0
1145,0,55-66,Sysselsatte,2020,89,11,4,10,0,7,7,13,3,0,0,0,3,8,8,15,0,0
1145,0,67-74,Sysselsatte,2009,6,3,0,0,0,0,0,0,3,0,0,0,0,0,0,0,0,0
1145,0,67-74,Sysselsatte,2010,6,6,0,0,0,0,0,0,0,0,0,0,0,0,0,0,0,0
1145,0,67-74,Sysselsatte,2011,8,5,0,0,0,0,0,0,0,0,0,3,0,0,0,0,0,0
1145,0,67-74,Sysselsatte,2012,8,8,0,0,0,0,0,0,0,0,0,0,0,0,0,0,0,0
1145,0,67-74,Sysselsatte,2013,10,7,0,0,0,3,0,0,0,0,0,0,0,0,0,0,0,0
1145,0,67-74,Sysselsatte,2014,20,7,0,0,0,4,3,3,0,0,0,0,0,0,0,3,0,0
1145,0,67-74,Sysselsatte,2015,13,10,0,0,0,3,0,0,0,0,0,0,0,0,0,0,0,0
1145,0,67-74,Sysselsatte,2016,18,12,0,0,0,3,0,0,0,0,0,0,0,0,0,0,0,3
1145,0,67-74,Sysselsatte,2017,24,11,0,0,0,4,0,0,0,0,0,0,3,3,0,3,0,0
1145,0,67-74,Sysselsatte,2018,15,8,0,0,0,4,0,0,0,0,0,0,0,0,0,3,0,0
1145,0,67-74,Sysselsatte,2019,19,7,3,0,0,3,0,0,0,0,0,0,0,3,0,0,3,0
1145,0,67-74,Sysselsatte,2020,17,4,0,0,0,4,0,6,0,0,0,0,0,0,0,3,0,0
1146,0,15-74,Sysselsatte,2008,5193,349,401,582,60,497,764,295,204,60,40,121,183,161,398,946,113,19
1146,0,15-74,Sysselsatte,2009,5145,348,402,562,67,488,714,274,194,64,37,141,148,179,422,973,108,24
1146,0,15-74,Sysselsatte,2010,5219,337,440,513,72,522,747,254,193,75,34,158,139,169,422,1001,116,27
1146,0,15-74,Sysselsatte,2011,5574,314,460,550,79,719,760,269,196,80,31,157,184,193,437,1010,111,24
1146,0,15-74,Sysselsatte,2012,5470,292,495,553,73,550,732,270,194,92,28,181,200,192,443,1023,128,24
1146,0,15-74,Sysselsatte,2013,5482,274,505,558,72,541,738,278,189,96,27,197,228,194,406,1032,124,23
1146,0,15-74,Sysselsatte,2014,5591,261,521,569,73,552,760,293,187,79,32,210,220,195,411,1082,119,27
1146,0,15-74,Sysselsatte,2015,5412,280,498,530,68,564,713,297,145,77,24,202,207,174,383,1081,116,53
1146,0,15-74,Sysselsatte,2016,5409,286,468,533,67,550,707,290,161,81,21,198,206,191,416,1060,123,51
1146,0,15-74,Sysselsatte,2017,5437,269,457,522,68,571,690,295,153,83,26,200,240,195,402,1086,133,47
1146,0,15-74,Sysselsatte,2018,5444,255,501,533,65,594,682,283,131,77,26,172,224,203,413,1112,129,44
1146,0,15-74,Sysselsatte,2019,5550,256,528,539,74,587,680,293,135,90,23,191,228,210,411,1119,149,37
1146,0,15-74,Sysselsatte,2020,5503,273,530,547,66,570,653,287,119,98,28,172,239,244,414,1107,127,29
1146,0,55-66,Sysselsatte,2008,843,82,49,64,17,58,100,62,19,12,15,26,22,43,110,145,16,3
1146,0,55-66,Sysselsatte,2009,844,78,43,69,17,63,96,56,17,11,14,28,24,41,112,156,16,3
1146,0,55-66,Sysselsatte,2010,831,74,47,64,16,64,92,48,17,14,12,27,16,43,111,161,16,9
1146,0,55-66,Sysselsatte,2011,861,72,54,73,17,62,93,53,21,14,11,29,26,35,113,163,18,7
1146,0,55-66,Sysselsatte,2012,884,69,59,73,17,66,95,60,20,14,10,30,30,35,113,170,18,5
1146,0,55-66,Sysselsatte,2013,912,57,68,72,9,74,105,64,14,15,10,36,42,39,105,177,16,9
1146,0,55-66,Sysselsatte,2014,917,48,74,72,8,69,112,66,14,16,12,38,44,35,95,185,20,9
1146,0,55-66,Sysselsatte,2015,922,53,76,72,10,80,104,71,11,14,8,30,36,34,88,192,21,22
1146,0,55-66,Sysselsatte,2016,920,55,85,71,14,76,104,67,15,11,3,29,34,33,95,186,24,18
1146,0,55-66,Sysselsatte,2017,949,49,83,68,15,96,110,73,16,14,4,23,38,28,89,201,25,17
1146,0,55-66,Sysselsatte,2018,945,44,91,69,14,90,113,67,17,16,7,23,40,32,90,187,26,19
1146,0,55-66,Sysselsatte,2019,983,43,93,78,17,96,115,72,18,18,7,27,41,39,80,189,35,15
1146,0,55-66,Sysselsatte,2020,1003,49,97,99,15,93,118,75,15,18,7,24,38,42,85,187,30,11
1146,0,67-74,Sysselsatte,2008,108,43,0,11,0,7,7,5,0,0,0,5,3,3,3,18,3,0
1146,0,67-74,Sysselsatte,2009,132,49,0,7,0,5,13,11,3,0,0,9,3,3,5,18,3,3
1146,0,67-74,Sysselsatte,2010,125,38,0,7,0,7,17,9,3,0,0,4,4,0,8,19,6,3
1146,0,67-74,Sysselsatte,2011,127,37,0,7,0,8,12,8,3,0,0,3,3,6,10,23,7,0
1146,0,67-74,Sysselsatte,2012,163,47,0,14,0,16,15,10,3,0,0,9,0,6,8,25,7,3
1146,0,67-74,Sysselsatte,2013,163,45,0,12,3,13,15,9,3,3,0,5,3,8,9,25,4,6
1146,0,67-74,Sysselsatte,2014,170,41,0,11,0,10,18,15,6,0,3,9,3,7,12,25,7,3
1146,0,67-74,Sysselsatte,2015,151,35,0,9,0,9,9,12,3,0,0,9,4,8,11,27,4,11
1146,0,67-74,Sysselsatte,2016,153,42,0,5,0,9,12,11,3,3,3,9,4,7,12,19,6,8
1146,0,67-74,Sysselsatte,2017,160,39,0,5,0,12,10,12,3,3,3,10,3,9,12,22,6,11
1146,0,67-74,Sysselsatte,2018,150,33,0,7,0,17,5,15,3,0,3,9,3,3,8,22,10,12
1146,0,67-74,Sysselsatte,2019,157,36,3,6,0,19,8,16,3,3,0,12,3,0,7,20,11,10
1146,0,67-74,Sysselsatte,2020,131,36,5,3,0,14,11,15,0,3,0,11,0,3,6,16,3,5
1149,0,15-74,Sysselsatte,2008,20182,518,1113,3694,202,1599,2830,1474,603,271,174,657,781,612,1336,3660,557,101
1149,0,15-74,Sysselsatte,2009,19767,514,1139,3221,202,1588,2750,1493,580,267,167,691,725,615,1379,3786,555,95
1149,0,15-74,Sysselsatte,2010,19754,499,1252,2882,214,1630,2818,1504,613,276,168,753,743,622,1390,3763,532,95
1149,0,15-74,Sysselsatte,2011,20028,441,1310,2826,228,1768,2856,1439,586,289,160,771,837,635,1369,3890,532,91
1149,0,15-74,Sysselsatte,2012,20304,428,1402,2835,221,1785,2809,1482,597,312,154,769,946,674,1379,3893,523,95
1149,0,15-74,Sysselsatte,2013,20572,399,1484,2811,233,1892,2808,1443,668,298,147,808,900,677,1408,3952,536,108
1149,0,15-74,Sysselsatte,2014,20714,391,1522,2812,225,1918,2784,1447,675,292,142,812,857,717,1465,4028,528,99
1149,0,15-74,Sysselsatte,2015,19862,385,1370,2652,217,1828,2615,1405,547,276,136,822,714,666,1437,4051,571,170
1149,0,15-74,Sysselsatte,2016,19754,406,1219,2619,219,1818,2606,1330,525,273,133,824,751,730,1449,4087,595,170
1149,0,15-74,Sysselsatte,2017,20047,392,1235,2683,212,1885,2621,1352,518,284,124,823,839,708,1463,4152,600,156
1149,0,15-74,Sysselsatte,2018,20074,396,1352,2689,205,1839,2510,1375,571,303,106,795,849,658,1497,4232,558,139
1149,0,15-74,Sysselsatte,2019,20247,407,1448,2724,224,1835,2441,1365,549,327,107,818,843,687,1509,4263,570,130
1149,0,15-74,Sysselsatte,2020,20063,384,1437,2725,230,1803,2460,1313,541,334,119,750,824,701,1512,4259,561,110
1149,0,55-66,Sysselsatte,2008,3248,122,141,577,41,192,356,272,37,37,49,133,134,131,312,595,86,33
1149,0,55-66,Sysselsatte,2009,3253,114,125,543,47,202,358,282,45,35,46,148,131,125,320,611,89,32
1149,0,55-66,Sysselsatte,2010,3288,96,156,511,41,223,364,300,49,35,45,157,129,134,316,622,78,32
1149,0,55-66,Sysselsatte,2011,3345,98,183,505,43,234,359,284,46,36,47,160,145,138,311,645,83,28
1149,0,55-66,Sysselsatte,2012,3453,85,201,516,44,239,356,302,48,38,47,156,160,137,323,691,82,28
1149,0,55-66,Sysselsatte,2013,3530,90,213,499,44,252,375,315,48,42,46,169,143,147,309,714,90,34
1149,0,55-66,Sysselsatte,2014,3598,90,227,495,51,264,383,314,56,38,49,169,152,149,323,721,87,30
1149,0,55-66,Sysselsatte,2015,3491,90,222,460,51,260,359,312,47,32,48,160,148,160,304,692,91,55
1149,0,55-66,Sysselsatte,2016,3494,81,223,457,45,264,357,304,42,32,51,151,143,168,317,717,99,43
1149,0,55-66,Sysselsatte,2017,3504,84,236,467,46,255,358,314,47,36,40,153,159,160,298,713,94,44
1149,0,55-66,Sysselsatte,2018,3470,87,259,484,47,257,344,306,54,34,36,141,159,148,274,714,88,38
1149,0,55-66,Sysselsatte,2019,3593,94,273,508,46,267,366,327,54,36,31,146,160,153,272,736,89,35
1149,0,55-66,Sysselsatte,2020,3617,88,282,516,47,283,374,331,52,37,29,137,157,155,264,733,98,34
1149,0,67-74,Sysselsatte,2008,301,59,3,30,3,21,33,32,3,0,3,16,17,6,17,34,13,11
1149,0,67-74,Sysselsatte,2009,323,58,0,31,0,22,42,32,6,3,3,19,16,7,14,46,14,10
1149,0,67-74,Sysselsatte,2010,340,64,3,38,0,18,43,30,8,3,3,28,9,7,21,41,14,10
1149,0,67-74,Sysselsatte,2011,369,51,0,40,8,23,48,35,12,3,0,28,12,13,25,49,14,8
1149,0,67-74,Sysselsatte,2012,392,62,3,33,3,23,48,43,9,6,3,31,18,9,33,39,15,14
1149,0,67-74,Sysselsatte,2013,412,58,5,30,4,30,45,47,9,4,0,37,18,6,36,51,19,13
1149,0,67-74,Sysselsatte,2014,434,53,6,30,0,33,49,52,8,3,0,44,10,11,40,58,25,12
1149,0,67-74,Sysselsatte,2015,430,56,3,30,0,28,46,32,7,6,0,39,11,10,24,76,26,36
1149,0,67-74,Sysselsatte,2016,415,55,3,28,0,29,44,27,6,3,0,40,10,7,22,72,20,49
1149,0,67-74,Sysselsatte,2017,428,56,0,28,6,31,50,33,5,3,0,39,13,9,21,74,16,44
1149,0,67-74,Sysselsatte,2018,451,48,3,25,3,29,47,39,3,3,0,47,21,11,25,76,28,43
1149,0,67-74,Sysselsatte,2019,445,43,0,30,3,32,39,41,3,6,3,53,17,9,25,75,25,41
1149,0,67-74,Sysselsatte,2020,410,55,3,23,3,29,36,40,7,0,6,55,12,9,15,68,18,31
1151,0,15-74,Sysselsatte,2008,124,9,0,6,0,6,6,25,12,0,0,3,10,9,13,22,3,0
1151,0,15-74,Sysselsatte,2009,115,6,0,6,0,9,3,27,3,0,0,3,12,7,13,23,3,0
1151,0,15-74,Sysselsatte,2010,120,6,3,0,0,12,3,27,6,0,0,3,6,14,13,24,3,0
1151,0,15-74,Sysselsatte,2011,126,9,6,0,0,9,6,27,3,0,0,3,12,8,15,25,3,0
1151,0,15-74,Sysselsatte,2012,116,6,6,0,0,9,6,21,6,0,0,3,9,10,14,23,3,0
1151,0,15-74,Sysselsatte,2013,119,6,6,0,0,10,3,23,9,0,0,3,10,9,14,20,6,0
1151,0,15-74,Sysselsatte,2014,116,6,3,0,0,14,3,19,6,0,0,3,6,9,19,25,3,0
1151,0,15-74,Sysselsatte,2015,110,10,3,0,0,9,6,20,0,0,0,3,6,12,11,27,3,0
1151,0,15-74,Sysselsatte,2016,106,10,3,0,0,9,6,19,3,0,0,0,3,6,16,25,3,3
1151,0,15-74,Sysselsatte,2017,107,9,3,0,0,6,6,18,3,0,0,0,6,6,11,30,6,3
1151,0,15-74,Sysselsatte,2018,101,9,6,0,0,6,6,19,0,0,0,0,6,6,15,25,3,0
1151,0,15-74,Sysselsatte,2019,107,9,6,0,3,6,6,20,3,0,0,0,6,6,15,18,6,3
1151,0,15-74,Sysselsatte,2020,102,9,6,0,0,6,12,24,0,0,0,0,3,3,11,25,3,0
1151,0,55-66,Sysselsatte,2008,22,0,0,0,0,3,0,4,3,0,0,0,0,4,3,5,0,0
1151,0,55-66,Sysselsatte,2009,32,0,0,0,0,3,0,3,0,0,0,3,3,3,7,7,3,0
1151,0,55-66,Sysselsatte,2010,26,0,0,0,0,3,0,3,3,0,0,3,0,3,4,4,3,0
1151,0,55-66,Sysselsatte,2011,29,3,0,0,0,0,0,3,0,0,0,3,3,3,7,4,3,0
1151,0,55-66,Sysselsatte,2012,26,0,0,0,0,3,3,3,0,0,0,3,0,3,6,5,0,0
1151,0,55-66,Sysselsatte,2013,20,0,0,0,0,4,0,3,0,0,0,3,0,0,4,3,3,0
1151,0,55-66,Sysselsatte,2014,24,3,0,0,0,5,0,0,0,0,0,3,0,3,4,3,3,0
1151,0,55-66,Sysselsatte,2015,24,4,0,0,0,3,0,3,0,0,0,0,3,3,5,3,0,0
1151,0,55-66,Sysselsatte,2016,22,0,0,0,0,3,0,3,0,0,0,0,0,3,7,3,0,3
1151,0,55-66,Sysselsatte,2017,37,0,3,0,0,3,3,3,0,0,0,0,3,3,8,8,0,3
1151,0,55-66,Sysselsatte,2018,23,3,3,0,0,0,0,3,0,0,0,0,0,3,5,6,0,0
1151,0,55-66,Sysselsatte,2019,29,3,3,0,3,0,0,0,0,0,0,0,3,3,5,6,0,3
1151,0,55-66,Sysselsatte,2020,31,3,3,0,0,3,3,6,0,0,0,0,0,3,5,5,0,0
1151,0,67-74,Sysselsatte,2008,6,3,0,0,0,0,0,0,0,0,0,3,0,0,0,0,0,0
1151,0,67-74,Sysselsatte,2009,3,3,0,0,0,0,0,0,0,0,0,0,0,0,0,0,0,0
1151,0,67-74,Sysselsatte,2011,3,0,0,0,0,3,0,0,0,0,0,0,0,0,0,0,0,0
1151,0,67-74,Sysselsatte,2013,9,0,0,0,0,0,0,0,3,0,0,0,0,3,3,0,0,0
1151,0,67-74,Sysselsatte,2014,9,0,0,0,0,3,0,0,0,0,0,0,0,0,3,3,0,0
1151,0,67-74,Sysselsatte,2015,6,0,0,0,0,0,0,0,0,0,0,0,0,3,0,3,0,0
1151,0,67-74,Sysselsatte,2016,9,0,0,0,0,0,0,0,3,0,0,0,0,0,3,3,0,0
1151,0,67-74,Sysselsatte,2017,12,3,0,0,0,0,0,0,3,0,0,0,0,0,0,3,3,0
1151,0,67-74,Sysselsatte,2018,6,0,0,0,0,0,0,0,0,0,0,0,0,0,0,3,3,0
1151,0,67-74,Sysselsatte,2019,9,0,0,0,0,0,0,0,0,0,0,0,0,3,0,3,3,0
1151,0,67-74,Sysselsatte,2020,3,3,0,0,0,0,0,0,0,0,0,0,0,0,0,0,0,0
1160,0,15-74,Sysselsatte,2008,4415,523,174,660,54,423,580,222,102,108,28,127,206,176,327,610,74,21
1160,0,15-74,Sysselsatte,2009,4390,516,177,664,60,431,540,207,127,103,23,124,197,176,311,638,78,18
1160,0,15-74,Sysselsatte,2010,4404,494,208,692,74,420,523,203,132,101,26,122,199,171,314,619,79,27
1160,0,15-74,Sysselsatte,2011,4559,507,204,724,72,435,545,192,141,119,24,120,250,187,310,637,73,19
1160,0,15-74,Sysselsatte,2012,4582,447,219,741,73,412,568,187,110,135,28,131,262,188,319,671,75,16
1160,0,15-74,Sysselsatte,2013,4627,448,207,765,84,435,542,184,87,134,26,143,268,197,327,685,78,17
1160,0,15-74,Sysselsatte,2014,4723,429,202,794,59,461,547,202,92,103,29,174,282,194,317,731,85,22
1160,0,15-74,Sysselsatte,2015,4622,458,193,862,62,457,520,228,50,91,21,144,190,175,313,718,95,45
1160,0,15-74,Sysselsatte,2016,4565,465,179,821,68,465,508,214,50,94,21,142,196,181,311,714,92,44
1160,0,15-74,Sysselsatte,2017,4605,476,185,787,73,508,516,202,55,76,21,156,195,175,312,733,95,40
1160,0,15-74,Sysselsatte,2018,4649,456,200,760,63,548,525,207,51,81,22,163,201,190,313,744,87,38
1160,0,15-74,Sysselsatte,2019,4641,421,213,779,65,527,516,206,53,103,22,187,192,194,319,730,79,35
1160,0,15-74,Sysselsatte,2020,4583,440,224,707,65,568,498,193,64,98,22,170,165,177,327,753,81,31
1160,0,55-66,Sysselsatte,2008,790,128,17,98,10,77,73,60,10,3,9,19,30,56,86,92,15,7
1160,0,55-66,Sysselsatte,2009,777,109,20,97,11,85,70,60,10,6,5,21,23,54,81,106,13,6
1160,0,55-66,Sysselsatte,2010,827,111,30,106,15,85,75,64,16,8,9,20,30,50,79,104,17,8
1160,0,55-66,Sysselsatte,2011,859,110,33,120,14,88,83,58,15,13,10,20,31,51,73,120,16,4
1160,0,55-66,Sysselsatte,2012,854,87,35,125,15,87,86,55,16,11,10,22,33,49,75,126,19,3
1160,0,55-66,Sysselsatte,2013,885,84,35,128,16,93,90,51,16,13,12,27,36,50,75,131,22,6
1160,0,55-66,Sysselsatte,2014,904,79,31,139,16,92,88,54,17,14,8,28,47,47,70,144,24,6
1160,0,55-66,Sysselsatte,2015,930,89,34,157,18,96,94,49,12,10,7,31,42,43,65,146,24,13
1160,0,55-66,Sysselsatte,2016,940,88,36,167,19,102,98,43,11,15,7,28,44,38,64,143,25,12
1160,0,55-66,Sysselsatte,2017,940,82,36,160,21,103,93,45,11,13,5,33,46,35,65,158,24,10
1160,0,55-66,Sysselsatte,2018,967,92,42,164,18,106,99,51,9,10,6,39,49,38,66,151,23,4
1160,0,55-66,Sysselsatte,2019,975,84,43,163,21,101,96,47,8,15,3,43,46,46,71,154,24,10
1160,0,55-66,Sysselsatte,2020,1000,90,50,152,20,96,96,47,11,19,6,47,47,43,77,164,22,13
1160,0,67-74,Sysselsatte,2008,112,45,0,7,0,9,10,8,0,0,0,9,3,3,6,6,3,3
1160,0,67-74,Sysselsatte,2009,129,54,0,11,3,9,10,10,3,0,0,4,0,3,4,15,3,0
1160,0,67-74,Sysselsatte,2010,114,46,0,13,0,7,8,8,3,0,0,7,0,0,3,13,3,3
1160,0,67-74,Sysselsatte,2011,126,50,0,9,0,10,9,12,3,3,0,3,3,7,3,11,3,0
1160,0,67-74,Sysselsatte,2012,134,60,0,6,0,10,13,15,0,3,0,6,3,3,3,9,3,0
1160,0,67-74,Sysselsatte,2013,157,61,0,10,0,10,13,19,0,0,0,8,7,6,3,16,4,0
1160,0,67-74,Sysselsatte,2014,162,54,0,11,0,12,9,21,3,0,3,9,3,7,3,18,6,3
1160,0,67-74,Sysselsatte,2015,145,49,0,13,0,9,9,19,0,0,0,3,3,3,4,20,3,10
1160,0,67-74,Sysselsatte,2016,167,54,0,15,3,14,4,19,0,0,0,10,3,5,5,21,4,10
1160,0,67-74,Sysselsatte,2017,187,58,0,13,3,20,12,21,0,0,0,9,6,7,5,19,3,11
1160,0,67-74,Sysselsatte,2018,183,54,0,10,3,21,11,20,0,0,0,10,3,9,3,19,4,16
1160,0,67-74,Sysselsatte,2019,176,49,0,17,0,27,13,11,0,3,0,9,5,7,6,11,3,15
1160,0,67-74,Sysselsatte,2020,174,52,0,10,3,34,12,13,0,0,0,6,8,7,3,10,6,10
4611,0,15-74,Sysselsatte,2020,2061,174,86,251,45,300,201,85,50,48,19,77,70,65,141,400,34,15
4611,0,55-66,Sysselsatte,2020,429,42,15,56,9,53,38,16,9,9,6,19,13,16,30,87,5,6
4611,0,67-74,Sysselsatte,2020,78,16,3,10,0,23,0,11,3,0,0,0,0,0,3,9,0,0
4612,0,15-74,Sysselsatte,2020,2784,157,162,258,48,312,320,185,64,41,6,92,98,78,229,634,84,16
4612,0,55-66,Sysselsatte,2020,511,34,39,45,7,46,59,41,7,10,3,19,13,14,43,110,18,3
4612,0,67-74,Sysselsatte,2020,95,21,0,0,3,16,4,10,0,0,0,9,0,0,4,17,6,5
4613,0,15-74,Sysselsatte,2020,5848,379,309,1193,58,476,499,390,105,40,24,166,266,197,474,1091,156,25
4613,0,55-66,Sysselsatte,2020,1108,64,60,237,16,66,62,107,6,6,7,33,54,35,101,216,29,9
4613,0,67-74,Sysselsatte,2020,159,33,0,22,0,11,8,18,3,0,0,13,6,3,4,26,6,6
4614,0,15-74,Sysselsatte,2020,9315,136,225,1897,189,700,950,333,323,167,39,484,370,354,823,2071,220,34
4614,0,55-66,Sysselsatte,2020,1801,19,49,495,41,91,122,74,26,46,13,91,45,72,180,370,52,15
4614,0,67-74,Sysselsatte,2020,204,15,0,16,4,12,7,17,3,5,0,39,6,7,12,40,17,4
4615,0,15-74,Sysselsatte,2020,1564,108,57,272,36,173,146,67,37,15,6,90,49,47,95,327,24,15
4615,0,55-66,Sysselsatte,2020,329,14,12,71,5,30,20,11,7,3,3,28,9,12,22,76,3,3
4615,0,67-74,Sysselsatte,2020,61,9,3,6,5,7,6,0,0,0,0,5,3,0,3,8,0,6
4616,0,15-74,Sysselsatte,2020,1371,156,81,111,27,134,128,101,12,12,14,44,52,65,96,299,33,6
4616,0,55-66,Sysselsatte,2020,308,39,15,27,3,24,26,23,0,6,3,13,13,14,28,63,11,0
4616,0,67-74,Sysselsatte,2020,83,23,0,0,3,8,4,10,3,0,0,4,6,0,6,13,0,3
4617,0,15-74,Sysselsatte,2020,6426,385,229,1068,102,604,590,281,124,68,28,203,193,231,492,1631,147,50
4617,0,55-66,Sysselsatte,2020,1358,80,53,251,32,101,91,61,16,7,11,51,43,50,108,344,39,20
4617,0,67-74,Sysselsatte,2020,243,45,0,22,0,26,11,14,0,6,3,22,4,3,8,46,16,17
4618,0,15-74,Sysselsatte,2020,5503,247,172,954,155,617,520,206,182,48,15,256,126,207,405,1233,128,32
4618,0,55-66,Sysselsatte,2020,1319,69,31,238,52,115,97,63,13,11,7,60,34,64,97,323,30,15
4618,0,67-74,Sysselsatte,2020,226,48,0,17,0,33,14,20,6,3,0,21,0,3,11,39,6,5
4611,0,15-74,Sysselsatte,2008,2150,223,70,285,52,267,246,95,61,31,26,65,111,65,156,346,34,17
4611,0,15-74,Sysselsatte,2009,2115,198,68,292,53,271,237,83,56,33,28,61,103,60,153,370,33,16
4611,0,15-74,Sysselsatte,2010,2060,203,71,263,61,275,240,75,55,32,26,63,89,57,152,349,30,19
4611,0,15-74,Sysselsatte,2011,2154,214,72,271,59,282,239,77,62,40,29,67,95,61,153,377,40,16
4611,0,15-74,Sysselsatte,2012,2172,183,90,286,61,273,253,75,54,39,21,69,115,67,167,372,34,13
4611,0,15-74,Sysselsatte,2013,2156,161,95,289,58,283,223,72,60,38,20,81,100,78,163,380,41,14
4611,0,15-74,Sysselsatte,2014,2197,165,99,284,55,295,228,74,66,35,25,82,94,76,174,390,41,14
4611,0,15-74,Sysselsatte,2015,2088,159,86,263,51,292,210,82,54,35,18,77,83,75,158,383,45,17
4611,0,15-74,Sysselsatte,2016,2070,165,80,273,48,289,216,75,61,34,20,68,70,74,159,375,40,23
4611,0,15-74,Sysselsatte,2017,2046,166,78,257,45,310,228,75,55,35,20,75,57,68,141,376,40,20
4611,0,15-74,Sysselsatte,2018,2051,170,83,264,44,323,214,71,53,39,18,77,62,63,140,379,33,18
4611,0,15-74,Sysselsatte,2019,2086,180,87,268,47,306,223,77,43,44,18,84,60,70,135,391,36,17
4611,0,55-66,Sysselsatte,2008,385,46,8,48,8,45,33,21,3,3,8,6,12,21,43,71,6,3
4611,0,55-66,Sysselsatte,2009,391,47,8,54,8,42,26,19,3,0,7,11,12,20,45,78,7,4
4611,0,55-66,Sysselsatte,2010,408,54,12,45,13,46,29,14,3,0,10,11,16,21,49,72,8,5
4611,0,55-66,Sysselsatte,2011,427,46,12,55,13,44,27,15,7,3,10,16,10,21,50,81,10,7
4611,0,55-66,Sysselsatte,2012,439,40,15,57,11,47,31,19,4,6,10,16,13,24,53,83,6,4
4611,0,55-66,Sysselsatte,2013,439,35,21,53,12,49,24,18,10,6,8,17,12,24,53,79,10,8
4611,0,55-66,Sysselsatte,2014,439,35,22,57,10,48,27,13,8,6,8,15,15,22,54,84,7,8
4611,0,55-66,Sysselsatte,2015,435,39,18,59,4,48,28,15,7,7,8,17,13,23,51,83,9,6
4611,0,55-66,Sysselsatte,2016,438,39,16,61,8,53,28,14,7,3,8,16,10,22,50,84,13,6
4611,0,55-66,Sysselsatte,2017,428,36,20,59,9,55,33,16,4,5,8,17,9,21,40,78,11,7
4611,0,55-66,Sysselsatte,2018,416,40,19,65,8,60,33,16,4,4,5,17,10,17,32,75,5,6
4611,0,55-66,Sysselsatte,2019,434,40,18,63,9,55,35,16,6,8,5,17,12,20,29,88,5,8
4611,0,67-74,Sysselsatte,2008,70,23,3,3,3,7,3,3,3,0,0,7,0,0,3,12,0,0
4611,0,67-74,Sysselsatte,2009,81,22,0,3,3,9,8,5,0,3,3,5,0,0,3,14,0,3
4611,0,67-74,Sysselsatte,2010,79,18,0,3,3,9,8,7,3,3,0,4,0,3,0,15,0,3
4611,0,67-74,Sysselsatte,2011,71,24,0,3,3,7,3,9,0,3,0,3,0,3,0,13,0,0
4611,0,67-74,Sysselsatte,2012,86,30,0,6,3,10,3,5,3,0,0,3,3,0,3,14,0,3
4611,0,67-74,Sysselsatte,2013,73,29,0,4,3,8,0,8,0,0,0,0,3,0,6,9,0,3
4611,0,67-74,Sysselsatte,2014,97,34,3,5,3,11,3,12,3,0,0,3,3,0,9,5,3,0
4611,0,67-74,Sysselsatte,2015,79,21,3,4,3,12,3,11,0,0,0,3,3,0,3,9,0,4
4611,0,67-74,Sysselsatte,2016,68,21,0,3,3,14,0,8,0,0,0,0,0,0,7,5,0,7
4611,0,67-74,Sysselsatte,2017,78,22,0,4,0,16,3,8,0,0,0,3,0,3,5,8,3,3
4611,0,67-74,Sysselsatte,2018,67,14,0,4,0,15,0,5,3,0,0,3,0,3,6,8,3,3
4611,0,67-74,Sysselsatte,2019,90,16,3,8,0,18,3,13,0,0,0,4,3,5,3,11,3,0
4612,0,15-74,Sysselsatte,2008,2595,172,106,312,31,267,314,190,66,43,22,78,80,77,197,547,78,15
4612,0,15-74,Sysselsatte,2009,2586,191,106,295,28,277,285,203,75,46,14,86,72,81,195,548,78,6
4612,0,15-74,Sysselsatte,2010,2603,164,117,286,32,278,313,191,50,50,13,113,63,99,195,541,77,21
4612,0,15-74,Sysselsatte,2011,2663,157,125,297,32,296,314,185,56,45,11,100,100,89,198,560,79,19
4612,0,15-74,Sysselsatte,2012,2760,177,143,316,33,268,328,182,53,54,13,93,106,98,208,592,79,17
4612,0,15-74,Sysselsatte,2013,2794,169,146,324,41,294,331,187,58,53,10,98,85,100,211,590,76,21
4612,0,15-74,Sysselsatte,2014,2768,137,153,323,42,300,328,207,54,47,13,100,88,91,218,572,79,16
4612,0,15-74,Sysselsatte,2015,2737,184,150,300,38,287,316,199,45,40,9,105,79,83,215,578,81,28
4612,0,15-74,Sysselsatte,2016,2761,176,135,279,38,285,326,201,59,28,9,112,85,87,217,611,82,31
4612,0,15-74,Sysselsatte,2017,2806,170,141,282,43,299,332,196,65,34,9,107,89,95,227,611,87,19
4612,0,15-74,Sysselsatte,2018,2785,159,164,262,43,325,325,182,62,33,6,101,100,74,232,606,87,24
4612,0,15-74,Sysselsatte,2019,2800,168,160,270,40,319,328,180,67,41,3,91,100,79,220,623,83,28
4612,0,55-66,Sysselsatte,2008,506,57,9,49,6,35,50,42,7,8,9,16,13,23,53,115,11,3
4612,0,55-66,Sysselsatte,2009,537,58,13,53,6,46,53,41,11,7,7,15,16,25,51,120,12,3
4612,0,55-66,Sysselsatte,2010,553,48,14,58,8,46,54,41,11,9,6,21,18,28,49,126,12,4
4612,0,55-66,Sysselsatte,2011,556,41,14,60,7,46,51,45,9,9,8,19,16,28,48,134,18,3
4612,0,55-66,Sysselsatte,2012,593,45,18,60,9,47,51,43,11,14,7,18,19,28,60,144,16,3
4612,0,55-66,Sysselsatte,2013,581,38,26,57,6,54,53,42,9,11,7,22,12,28,53,142,15,6
4612,0,55-66,Sysselsatte,2014,573,33,27,56,6,54,57,45,5,15,7,21,14,23,51,136,19,4
4612,0,55-66,Sysselsatte,2015,556,39,31,45,8,50,57,39,7,5,6,27,10,23,50,137,15,7
4612,0,55-66,Sysselsatte,2016,570,35,30,42,6,46,55,48,4,5,6,30,18,23,53,144,18,7
4612,0,55-66,Sysselsatte,2017,550,34,28,36,10,50,59,49,6,9,6,29,14,20,49,127,21,3
4612,0,55-66,Sysselsatte,2018,531,33,33,40,11,53,59,46,3,7,3,24,15,15,51,112,23,3
4612,0,55-66,Sysselsatte,2019,512,27,35,45,8,53,53,46,7,8,0,18,19,15,45,111,17,5
4612,0,67-74,Sysselsatte,2008,56,15,0,4,0,6,7,4,0,0,3,3,0,0,3,5,3,3
4612,0,67-74,Sysselsatte,2009,51,19,0,3,0,4,3,3,0,0,0,3,0,3,3,7,3,0
4612,0,67-74,Sysselsatte,2010,55,17,0,0,0,5,7,6,3,0,0,3,0,0,0,8,3,3
4612,0,67-74,Sysselsatte,2011,59,18,0,6,0,5,6,6,0,3,0,3,0,0,0,6,3,3
4612,0,67-74,Sysselsatte,2012,61,22,0,4,3,3,10,7,0,0,0,0,0,0,0,6,3,3
4612,0,67-74,Sysselsatte,2013,86,23,0,7,0,5,6,9,3,3,0,3,0,3,3,15,3,3
4612,0,67-74,Sysselsatte,2014,75,20,0,7,0,8,6,11,0,0,0,4,0,3,3,7,3,3
4612,0,67-74,Sysselsatte,2015,77,19,0,5,0,6,6,8,0,3,0,6,0,0,3,15,3,3
4612,0,67-74,Sysselsatte,2016,97,27,3,3,3,8,9,9,3,0,0,6,0,3,3,13,3,4
4612,0,67-74,Sysselsatte,2017,94,27,0,6,0,7,10,9,3,0,0,5,0,3,0,18,3,3
4612,0,67-74,Sysselsatte,2018,86,25,0,0,0,7,10,8,3,0,0,10,0,0,3,17,0,3
4612,0,67-74,Sysselsatte,2019,104,28,0,3,3,10,8,8,0,0,0,10,0,0,3,21,4,6
4613,0,15-74,Sysselsatte,2008,5700,320,237,1439,53,377,562,590,107,39,30,159,142,131,397,922,162,33
4613,0,15-74,Sysselsatte,2009,5737,316,253,1414,55,384,530,583,93,40,33,161,136,143,396,1026,148,26
4613,0,15-74,Sysselsatte,2010,5760,320,267,1337,55,388,527,567,75,46,37,168,157,142,436,1074,137,27
4613,0,15-74,Sysselsatte,2011,5796,309,270,1308,60,415,551,459,78,39,32,165,244,156,440,1108,129,33
4613,0,15-74,Sysselsatte,2012,5886,321,298,1347,56,412,543,456,74,42,33,176,259,162,442,1109,126,30
4613,0,15-74,Sysselsatte,2013,5907,312,334,1338,58,433,529,457,81,37,35,178,257,163,438,1107,128,22
4613,0,15-74,Sysselsatte,2014,5934,316,331,1329,67,436,526,437,92,42,33,168,248,169,451,1131,142,16
4613,0,15-74,Sysselsatte,2015,5731,332,293,1256,66,435,491,412,82,42,29,161,222,164,472,1086,143,45
4613,0,15-74,Sysselsatte,2016,5570,346,263,1152,65,442,495,406,84,40,22,155,202,168,475,1074,154,27
4613,0,15-74,Sysselsatte,2017,5719,364,265,1155,64,479,498,410,85,38,25,137,245,189,475,1089,165,36
4613,0,15-74,Sysselsatte,2018,5839,371,282,1185,59,514,534,407,95,51,27,136,253,190,459,1094,154,28
4613,0,15-74,Sysselsatte,2019,5929,365,306,1244,68,491,499,415,121,46,24,151,228,197,464,1116,163,31
4613,0,55-66,Sysselsatte,2008,1054,84,35,219,10,32,76,117,10,0,10,48,28,35,120,195,26,9
4613,0,55-66,Sysselsatte,2009,1087,82,37,220,15,39,79,121,11,3,12,48,29,33,118,206,26,8
4613,0,55-66,Sysselsatte,2010,1119,78,39,212,18,38,83,124,11,5,12,47,30,26,124,235,28,9
4613,0,55-66,Sysselsatte,2011,1122,73,39,215,18,51,83,100,13,6,13,47,46,25,120,235,28,10
4613,0,55-66,Sysselsatte,2012,1148,67,44,233,21,52,82,96,12,7,12,47,52,28,122,238,26,9
4613,0,55-66,Sysselsatte,2013,1151,62,49,235,22,52,83,95,14,9,12,47,48,29,116,236,30,12
4613,0,55-66,Sysselsatte,2014,1161,65,51,240,21,54,83,91,13,5,13,42,49,27,124,246,30,7
4613,0,55-66,Sysselsatte,2015,1127,65,41,237,20,62,72,93,11,6,12,46,42,21,124,234,26,15
4613,0,55-66,Sysselsatte,2016,1071,70,40,212,20,61,72,88,14,3,9,38,38,26,121,220,31,8
4613,0,55-66,Sysselsatte,2017,1107,64,43,221,19,72,69,90,14,3,11,29,47,35,120,228,34,8
4613,0,55-66,Sysselsatte,2018,1084,64,40,217,19,79,70,96,10,7,10,31,48,33,113,213,25,9
4613,0,55-66,Sysselsatte,2019,1109,59,45,228,20,72,73,108,7,6,10,33,52,32,113,217,26,8
4613,0,67-74,Sysselsatte,2008,101,24,0,11,0,9,12,9,0,3,0,4,4,0,6,11,4,4
4613,0,67-74,Sysselsatte,2009,110,26,0,10,0,5,11,13,0,0,3,10,7,0,3,13,6,3
4613,0,67-74,Sysselsatte,2010,116,29,0,14,0,11,10,13,0,0,3,5,7,3,3,12,3,3
4613,0,67-74,Sysselsatte,2011,124,23,3,10,0,6,13,16,0,0,3,4,6,6,4,23,3,4
4613,0,67-74,Sysselsatte,2012,128,32,3,11,0,4,15,10,0,0,0,7,5,3,4,23,3,8
4613,0,67-74,Sysselsatte,2013,145,35,0,15,0,4,9,19,3,0,3,10,6,4,3,27,3,4
4613,0,67-74,Sysselsatte,2014,137,30,0,13,0,8,9,17,3,0,3,6,9,0,7,17,12,3
4613,0,67-74,Sysselsatte,2015,150,27,3,13,0,4,9,14,4,0,3,5,7,0,3,34,14,10
4613,0,67-74,Sysselsatte,2016,144,34,3,13,0,3,10,19,3,0,0,6,3,0,8,29,6,7
4613,0,67-74,Sysselsatte,2017,151,34,0,15,0,6,9,19,4,0,0,5,3,3,5,26,11,11
4613,0,67-74,Sysselsatte,2018,166,33,3,23,0,5,13,20,3,0,0,8,8,3,3,27,10,7
4613,0,67-74,Sysselsatte,2019,169,39,0,24,0,10,4,24,6,0,0,11,4,0,6,26,9,6
4614,0,15-74,Sysselsatte,2008,9284,95,132,2247,128,569,1158,388,353,148,71,419,423,428,802,1685,213,25
4614,0,15-74,Sysselsatte,2009,9156,91,143,2143,141,587,1123,363,335,163,64,482,362,349,815,1779,188,28
4614,0,15-74,Sysselsatte,2010,8995,77,262,1938,150,539,1110,354,313,170,62,455,305,370,796,1860,201,33
4614,0,15-74,Sysselsatte,2011,9214,90,213,1995,158,596,1084,356,306,171,58,488,367,361,811,1932,202,26
4614,0,15-74,Sysselsatte,2012,9294,82,214,2092,168,611,1045,369,293,176,56,520,354,398,788,1909,194,25
4614,0,15-74,Sysselsatte,2013,9594,77,229,2247,155,594,1086,367,345,173,59,543,375,384,817,1909,204,30
4614,0,15-74,Sysselsatte,2014,9686,85,235,2304,150,611,1102,361,385,155,52,541,392,381,813,1885,197,37
4614,0,15-74,Sysselsatte,2015,9312,79,212,2131,148,640,1027,348,319,126,60,466,338,380,802,1944,208,84
4614,0,15-74,Sysselsatte,2016,9136,96,196,1857,156,649,1037,339,307,119,49,491,308,380,850,2036,194,72
4614,0,15-74,Sysselsatte,2017,9306,119,196,1866,152,688,1000,345,355,142,48,503,348,387,834,2055,211,57
4614,0,15-74,Sysselsatte,2018,9367,121,202,1889,147,703,996,353,334,125,44,523,379,395,818,2085,207,46
4614,0,15-74,Sysselsatte,2019,9461,124,223,1902,162,722,997,355,363,179,38,480,419,344,809,2066,224,54
4614,0,55-66,Sysselsatte,2008,1586,18,22,357,27,55,120,72,20,29,16,98,41,103,232,339,28,9
4614,0,55-66,Sysselsatte,2009,1582,20,20,359,34,63,114,72,22,30,19,122,41,76,227,326,30,7
4614,0,55-66,Sysselsatte,2010,1585,19,35,340,38,57,125,71,18,33,21,114,39,79,222,331,29,14
4614,0,55-66,Sysselsatte,2011,1653,19,34,351,41,65,110,74,16,37,17,127,51,80,230,346,41,14
4614,0,55-66,Sysselsatte,2012,1709,18,34,382,42,82,112,75,18,39,18,130,53,77,219,356,39,15
4614,0,55-66,Sysselsatte,2013,1725,14,42,407,36,79,111,83,21,39,17,130,41,80,228,347,38,12
4614,0,55-66,Sysselsatte,2014,1746,12,42,437,37,72,121,83,22,41,16,123,42,76,225,345,39,13
4614,0,55-66,Sysselsatte,2015,1708,17,37,413,35,79,111,79,22,33,19,100,43,73,220,364,38,25
4614,0,55-66,Sysselsatte,2016,1660,17,39,389,36,78,118,79,18,29,20,99,26,74,220,364,34,20
4614,0,55-66,Sysselsatte,2017,1724,15,38,417,36,91,120,84,26,32,17,100,47,73,208,368,36,16
4614,0,55-66,Sysselsatte,2018,1749,18,42,446,36,89,115,81,24,35,15,111,48,67,196,363,48,15
4614,0,55-66,Sysselsatte,2019,1802,18,48,480,37,90,118,80,25,52,15,102,55,69,182,367,51,13
4614,0,67-74,Sysselsatte,2008,136,13,0,11,3,7,13,9,4,0,0,16,3,4,19,31,3,0
4614,0,67-74,Sysselsatte,2009,157,12,0,20,0,6,15,8,3,3,0,17,6,3,14,41,3,6
4614,0,67-74,Sysselsatte,2010,156,8,3,8,3,5,11,13,6,3,0,16,4,3,16,45,6,6
4614,0,67-74,Sysselsatte,2011,179,6,3,10,3,10,13,11,4,3,0,16,6,6,17,57,11,3
4614,0,67-74,Sysselsatte,2012,179,13,0,17,0,5,16,12,3,4,3,18,9,8,16,48,7,0
4614,0,67-74,Sysselsatte,2013,199,14,0,23,0,7,17,10,6,6,0,23,9,12,14,42,10,6
4614,0,67-74,Sysselsatte,2014,202,15,3,22,0,8,14,13,3,5,0,24,6,11,18,37,14,9
4614,0,67-74,Sysselsatte,2015,180,10,0,19,0,4,13,11,3,3,0,21,5,14,10,34,8,25
4614,0,67-74,Sysselsatte,2016,202,11,0,15,0,6,11,7,7,3,0,27,4,17,16,50,8,20
4614,0,67-74,Sysselsatte,2017,205,13,0,16,3,9,12,13,3,5,0,26,5,10,13,49,11,17
4614,0,67-74,Sysselsatte,2018,210,11,0,14,3,8,15,16,3,5,0,29,9,10,11,52,10,14
4614,0,67-74,Sysselsatte,2019,222,10,0,19,3,11,15,15,4,7,0,31,10,8,18,47,12,12
4615,0,15-74,Sysselsatte,2008,1533,56,24,287,32,183,176,89,57,9,6,95,44,61,118,260,26,10
4615,0,15-74,Sysselsatte,2009,1518,70,31,287,29,171,168,82,44,12,6,96,40,56,118,280,21,7
4615,0,15-74,Sysselsatte,2010,1529,74,37,264,28,170,176,86,41,14,6,90,47,46,131,278,29,12
4615,0,15-74,Sysselsatte,2011,1544,76,37,263,28,174,169,86,45,11,9,94,45,56,123,282,32,14
4615,0,15-74,Sysselsatte,2012,1562,74,43,266,31,178,166,91,39,14,9,102,46,48,113,296,37,9
4615,0,15-74,Sysselsatte,2013,1600,71,55,276,32,168,173,91,42,14,9,117,52,46,119,295,34,6
4615,0,15-74,Sysselsatte,2014,1625,74,57,283,29,185,160,106,42,15,9,117,53,52,115,291,31,6
4615,0,15-74,Sysselsatte,2015,1575,82,53,288,26,198,153,98,32,12,6,99,32,49,117,277,35,18
4615,0,15-74,Sysselsatte,2016,1596,89,48,266,28,212,159,92,43,11,9,96,35,54,113,291,34,16
4615,0,15-74,Sysselsatte,2017,1574,100,47,277,32,207,145,84,33,16,6,90,37,46,107,308,27,12
4615,0,15-74,Sysselsatte,2018,1571,104,50,289,31,190,135,83,36,17,9,92,34,47,110,308,27,9
4615,0,15-74,Sysselsatte,2019,1592,112,57,270,29,185,141,95,36,21,7,93,47,37,109,318,23,12
4615,0,55-66,Sysselsatte,2008,302,17,0,49,11,36,17,11,7,3,3,17,12,20,33,56,6,4
4615,0,55-66,Sysselsatte,2009,306,15,3,48,9,38,20,9,3,0,0,22,8,18,37,66,6,4
4615,0,55-66,Sysselsatte,2010,319,16,4,52,12,35,24,7,5,3,0,21,7,17,37,68,8,3
4615,0,55-66,Sysselsatte,2011,319,9,4,49,9,40,21,10,6,3,3,19,11,16,37,73,6,3
4615,0,55-66,Sysselsatte,2012,356,14,7,60,12,47,23,14,3,3,3,21,12,13,37,78,9,0
4615,0,55-66,Sysselsatte,2013,359,15,12,59,11,41,26,13,3,3,3,27,16,14,38,71,7,0
4615,0,55-66,Sysselsatte,2014,376,13,13,69,8,39,25,17,3,3,3,27,11,12,42,79,6,6
4615,0,55-66,Sysselsatte,2015,366,13,9,70,9,37,21,16,0,3,3,25,8,14,41,81,7,9
4615,0,55-66,Sysselsatte,2016,352,14,9,65,13,39,19,16,0,0,3,24,7,17,40,78,4,4
4615,0,55-66,Sysselsatte,2017,349,18,13,67,10,33,15,17,3,0,3,22,10,15,32,88,0,3
4615,0,55-66,Sysselsatte,2018,352,20,12,70,8,32,16,19,3,0,3,24,11,15,31,82,3,3
4615,0,55-66,Sysselsatte,2019,354,17,13,74,7,35,21,15,7,3,0,22,12,14,28,77,3,6
4615,0,67-74,Sysselsatte,2008,26,3,0,4,0,6,3,4,0,0,0,0,0,3,0,0,0,3
4615,0,67-74,Sysselsatte,2009,30,4,0,3,3,5,6,6,0,0,0,0,0,0,0,3,0,0
4615,0,67-74,Sysselsatte,2010,30,3,0,3,0,4,3,5,0,0,0,0,0,3,3,3,0,3
4615,0,67-74,Sysselsatte,2011,35,6,0,5,0,3,3,3,3,0,0,3,0,0,0,3,3,3
4615,0,67-74,Sysselsatte,2012,31,5,0,7,0,0,3,0,3,0,0,4,0,0,0,3,3,3
4615,0,67-74,Sysselsatte,2013,38,6,0,6,3,3,3,0,0,0,0,5,0,0,3,3,3,3
4615,0,67-74,Sysselsatte,2014,51,10,0,9,3,5,3,3,0,0,0,5,3,3,4,0,3,0
4615,0,67-74,Sysselsatte,2015,53,10,0,12,3,10,3,3,0,0,0,3,0,0,0,3,3,3
4615,0,67-74,Sysselsatte,2016,51,8,0,8,0,8,3,0,0,0,0,4,0,3,0,5,6,6
4615,0,67-74,Sysselsatte,2017,58,9,0,7,3,5,3,0,0,0,0,9,0,3,4,6,3,6
4615,0,67-74,Sysselsatte,2018,41,8,0,6,3,5,3,0,0,0,0,4,0,0,4,5,0,3
4615,0,67-74,Sysselsatte,2019,60,11,0,5,5,5,7,3,0,3,0,4,3,0,3,8,0,3
4616,0,15-74,Sysselsatte,2008,1414,133,89,165,19,111,149,136,18,20,21,30,35,57,104,288,30,9
4616,0,15-74,Sysselsatte,2009,1394,125,89,165,20,109,146,127,17,19,21,31,34,65,110,281,26,9
4616,0,15-74,Sysselsatte,2010,1362,126,93,145,18,113,142,121,19,23,17,31,31,61,105,281,27,9
4616,0,15-74,Sysselsatte,2011,1360,129,88,154,23,121,130,119,12,23,16,28,32,56,100,300,23,6
4616,0,15-74,Sysselsatte,2012,1334,116,89,150,21,118,129,118,9,15,19,32,36,60,97,291,25,9
4616,0,15-74,Sysselsatte,2013,1337,119,88,136,24,128,120,122,12,15,21,39,35,62,91,288,28,9
4616,0,15-74,Sysselsatte,2014,1347,122,90,154,23,129,128,119,12,20,20,35,36,59,94,273,24,9
4616,0,15-74,Sysselsatte,2015,1343,135,81,139,22,137,117,106,15,18,22,41,42,55,93,278,26,16
4616,0,15-74,Sysselsatte,2016,1352,144,71,142,23,132,127,105,21,17,18,41,39,51,97,292,26,6
4616,0,15-74,Sysselsatte,2017,1346,156,74,131,22,140,114,98,15,14,15,41,37,60,99,286,32,12
4616,0,15-74,Sysselsatte,2018,1370,173,77,136,21,136,119,104,12,15,15,37,40,56,93,296,27,13
4616,0,15-74,Sysselsatte,2019,1369,166,83,132,23,128,110,103,16,17,14,45,41,52,90,298,39,12
4616,0,55-66,Sysselsatte,2008,335,32,10,24,5,18,31,38,3,8,9,5,5,24,30,88,5,0
4616,0,55-66,Sysselsatte,2009,334,32,11,25,8,20,34,33,3,7,6,6,5,27,32,80,5,0
4616,0,55-66,Sysselsatte,2010,328,28,12,19,6,18,36,27,3,6,3,10,4,26,32,87,8,3
4616,0,55-66,Sysselsatte,2011,333,30,10,19,10,19,36,30,0,7,6,9,3,24,36,85,6,3
4616,0,55-66,Sysselsatte,2012,331,31,14,22,7,20,36,28,3,7,6,10,3,22,32,82,8,0
4616,0,55-66,Sysselsatte,2013,317,30,14,22,7,18,34,30,0,3,3,10,3,19,30,82,9,3
4616,0,55-66,Sysselsatte,2014,325,38,12,24,6,23,30,27,0,3,6,9,4,16,30,80,11,6
4616,0,55-66,Sysselsatte,2015,298,39,10,20,8,30,26,19,3,3,3,5,4,14,27,75,7,5
4616,0,55-66,Sysselsatte,2016,294,38,11,25,6,27,25,21,3,0,3,8,6,16,28,67,7,3
4616,0,55-66,Sysselsatte,2017,305,37,13,26,7,30,23,26,3,3,0,9,6,17,30,64,8,3
4616,0,55-66,Sysselsatte,2018,292,42,14,27,6,28,21,23,0,3,3,6,6,14,28,61,7,3
4616,0,55-66,Sysselsatte,2019,298,40,15,28,6,21,21,22,0,6,6,11,8,9,26,66,10,3
4616,0,67-74,Sysselsatte,2008,37,12,0,3,0,3,6,4,0,0,0,0,0,0,0,3,3,3
4616,0,67-74,Sysselsatte,2009,38,12,0,3,0,0,3,3,0,0,3,3,0,0,0,5,3,3
4616,0,67-74,Sysselsatte,2010,41,10,0,3,0,0,3,3,0,0,3,3,0,3,3,4,3,3
4616,0,67-74,Sysselsatte,2011,46,12,0,6,0,0,3,3,0,0,0,3,3,3,0,7,6,0
4616,0,67-74,Sysselsatte,2012,50,12,0,5,3,3,4,4,0,0,3,3,0,3,0,7,0,3
4616,0,67-74,Sysselsatte,2013,53,13,0,3,3,3,3,6,0,0,3,3,3,0,3,7,0,3
4616,0,67-74,Sysselsatte,2014,50,12,0,3,3,3,5,6,0,3,0,3,0,3,3,3,0,3
4616,0,67-74,Sysselsatte,2015,47,10,0,0,0,0,3,8,0,0,3,4,0,6,0,5,0,8
4616,0,67-74,Sysselsatte,2016,61,8,0,0,0,5,9,7,3,3,0,4,0,3,3,13,0,3
4616,0,67-74,Sysselsatte,2017,64,14,0,0,3,6,6,5,0,0,0,3,0,6,3,12,0,6
4616,0,67-74,Sysselsatte,2018,84,17,0,0,0,10,6,10,3,3,3,4,3,3,0,15,0,7
4616,0,67-74,Sysselsatte,2019,75,21,0,0,4,7,7,10,0,0,0,3,3,3,0,11,0,6
4617,0,15-74,Sysselsatte,2008,6769,401,152,1425,114,533,731,339,163,57,74,209,107,243,489,1517,182,33
4617,0,15-74,Sysselsatte,2009,6679,379,157,1330,121,557,734,334,165,51,70,193,130,263,499,1500,164,32
4617,0,15-74,Sysselsatte,2010,6599,363,205,1149,124,554,796,332,156,56,71,198,116,260,513,1499,167,40
4617,0,15-74,Sysselsatte,2011,6601,372,213,1102,123,550,811,321,133,52,61,210,109,287,501,1553,174,29
4617,0,15-74,Sysselsatte,2012,6519,345,231,1203,115,535,730,254,123,69,52,223,146,267,497,1542,160,27
4617,0,15-74,Sysselsatte,2013,6485,338,239,1124,113,528,767,258,140,66,47,245,155,282,519,1481,149,34
4617,0,15-74,Sysselsatte,2014,6494,331,238,1079,116,543,786,315,142,60,44,231,140,297,509,1482,156,25
4617,0,15-74,Sysselsatte,2015,6300,338,219,905,141,536,760,282,118,63,41,218,135,273,508,1546,152,65
4617,0,15-74,Sysselsatte,2016,6190,356,195,855,132,536,736,231,132,62,30,209,148,271,489,1594,145,69
4617,0,15-74,Sysselsatte,2017,6282,371,199,854,133,565,748,266,147,64,26,234,169,279,493,1526,153,55
4617,0,15-74,Sysselsatte,2018,6337,365,206,1029,104,591,637,293,145,74,31,226,208,207,481,1531,156,53
4617,0,15-74,Sysselsatte,2019,6417,366,228,1040,102,594,619,289,147,71,26,228,200,225,495,1580,157,50
4617,0,55-66,Sysselsatte,2008,1298,115,22,234,29,86,85,76,20,14,28,38,17,70,130,299,26,9
4617,0,55-66,Sysselsatte,2009,1331,107,26,231,31,92,89,85,17,14,29,42,17,71,130,316,27,7
4617,0,55-66,Sysselsatte,2010,1332,96,29,216,28,83,93,72,19,17,27,46,20,74,141,330,29,12
4617,0,55-66,Sysselsatte,2011,1352,95,34,204,32,82,96,70,18,18,22,51,17,81,151,340,28,13
4617,0,55-66,Sysselsatte,2012,1376,91,37,231,27,78,87,65,20,18,19,56,17,81,151,354,33,11
4617,0,55-66,Sysselsatte,2013,1389,84,43,233,26,81,95,69,15,15,16,66,20,80,152,350,34,10
4617,0,55-66,Sysselsatte,2014,1399,78,42,233,29,87,97,82,18,15,14,59,18,94,144,341,41,7
4617,0,55-66,Sysselsatte,2015,1364,90,44,192,35,81,103,77,17,12,12,57,26,81,134,345,34,24
4617,0,55-66,Sysselsatte,2016,1316,89,42,200,34,80,103,63,16,11,8,41,26,73,121,349,33,27
4617,0,55-66,Sysselsatte,2017,1344,100,37,203,40,85,106,69,17,11,8,51,25,71,132,337,37,15
4617,0,55-66,Sysselsatte,2018,1328,81,46,228,35,91,94,68,16,7,8,59,38,48,114,340,41,14
4617,0,55-66,Sysselsatte,2019,1356,93,50,236,32,97,100,64,14,7,8,57,40,49,108,342,42,17
4617,0,67-74,Sysselsatte,2008,154,33,0,14,4,18,17,9,3,0,0,6,3,0,3,30,11,3
4617,0,67-74,Sysselsatte,2009,171,35,0,13,5,14,16,8,3,0,0,10,0,6,3,38,14,6
4617,0,67-74,Sysselsatte,2010,152,31,0,13,3,14,17,10,0,3,0,6,0,3,7,30,12,3
4617,0,67-74,Sysselsatte,2011,175,27,0,18,3,21,22,14,3,0,3,4,0,6,6,35,10,3
4617,0,67-74,Sysselsatte,2012,190,45,0,17,3,20,20,9,3,3,0,10,3,3,8,32,11,3
4617,0,67-74,Sysselsatte,2013,202,46,0,16,3,22,19,9,3,3,0,13,0,4,10,36,11,7
4617,0,67-74,Sysselsatte,2014,205,44,0,13,3,26,16,9,3,0,0,18,3,11,10,29,14,6
4617,0,67-74,Sysselsatte,2015,220,43,0,10,4,25,18,12,0,3,0,13,3,8,10,43,12,16
4617,0,67-74,Sysselsatte,2016,232,44,0,14,4,24,15,12,3,3,0,18,6,13,10,41,11,14
4617,0,67-74,Sysselsatte,2017,250,49,4,16,4,25,15,10,6,3,0,21,3,11,8,48,11,16
4617,0,67-74,Sysselsatte,2018,244,43,3,19,4,26,15,18,3,3,0,21,8,3,3,47,11,17
4617,0,67-74,Sysselsatte,2019,240,36,0,20,3,20,12,15,3,3,0,19,9,6,8,56,13,17
1228,0,15-74,Sysselsatte,2008,3577,45,51,839,105,292,388,134,110,51,26,132,84,109,242,839,115,15
1228,0,15-74,Sysselsatte,2009,3528,44,55,801,104,283,372,125,87,48,20,150,89,119,246,874,98,13
1228,0,15-74,Sysselsatte,2010,3479,50,70,771,106,293,378,115,93,51,23,153,60,117,238,852,92,17
1228,0,15-74,Sysselsatte,2011,3449,46,73,774,107,305,375,116,96,46,15,158,76,116,229,821,87,9
1228,0,15-74,Sysselsatte,2012,3501,46,76,810,106,293,344,114,85,39,15,160,89,115,215,886,92,16
1228,0,15-74,Sysselsatte,2013,3458,43,79,785,105,295,347,116,102,40,18,157,78,112,225,856,88,12
1228,0,15-74,Sysselsatte,2014,3450,50,91,758,105,312,348,116,96,39,18,155,84,109,222,849,86,12
1228,0,15-74,Sysselsatte,2015,3351,41,84,723,105,320,329,115,91,31,15,147,71,109,245,816,86,23
1228,0,15-74,Sysselsatte,2016,3341,37,84,655,109,328,337,122,98,27,9,154,58,116,248,853,83,23
1228,0,15-74,Sysselsatte,2017,3371,45,71,678,101,353,323,115,104,28,9,156,90,104,243,858,79,14
1228,0,15-74,Sysselsatte,2018,3358,47,77,708,101,334,329,112,114,35,6,164,91,124,225,794,79,18
1228,0,15-74,Sysselsatte,2019,3350,36,90,743,109,326,315,118,111,22,12,157,77,119,227,807,71,10
1228,0,55-66,Sysselsatte,2008,695,9,5,148,29,49,62,30,5,12,10,36,21,37,68,149,20,5
1228,0,55-66,Sysselsatte,2009,714,13,4,141,31,48,63,33,7,13,11,39,19,40,67,162,19,4
1228,0,55-66,Sysselsatte,2010,692,11,5,140,29,56,59,31,7,14,10,32,11,37,65,161,19,5
1228,0,55-66,Sysselsatte,2011,719,8,9,153,29,53,58,35,8,15,5,40,10,41,67,164,18,6
1228,0,55-66,Sysselsatte,2012,764,10,13,180,29,59,61,35,7,17,6,37,10,36,70,171,17,6
1228,0,55-66,Sysselsatte,2013,767,10,10,177,31,56,61,36,7,15,7,38,12,37,66,184,17,3
1228,0,55-66,Sysselsatte,2014,783,14,12,175,33,57,67,33,6,15,7,45,14,33,66,186,17,3
1228,0,55-66,Sysselsatte,2015,797,13,10,180,37,58,61,31,12,12,8,45,10,35,72,191,14,8
1228,0,55-66,Sysselsatte,2016,796,14,11,166,38,68,66,32,14,12,3,44,8,38,76,184,15,7
1228,0,55-66,Sysselsatte,2017,797,13,12,178,31,65,60,28,9,9,3,43,13,40,74,197,14,8
1228,0,55-66,Sysselsatte,2018,798,14,12,187,33,62,55,29,12,10,3,45,13,36,72,191,16,8
1228,0,55-66,Sysselsatte,2019,783,14,11,190,39,57,49,33,11,8,3,44,10,37,65,197,11,4
1228,0,67-74,Sysselsatte,2008,68,7,0,3,0,8,3,4,3,0,0,3,3,0,7,24,3,0
1228,0,67-74,Sysselsatte,2009,96,5,0,7,0,9,8,5,3,3,0,8,7,3,7,28,3,0
1228,0,67-74,Sysselsatte,2010,96,10,0,6,0,10,10,3,0,0,0,10,3,3,4,31,3,3
1228,0,67-74,Sysselsatte,2011,93,7,0,8,3,12,9,3,0,0,0,8,3,0,8,26,6,0
1228,0,67-74,Sysselsatte,2012,96,6,0,13,0,9,8,6,3,0,0,9,3,0,0,29,3,7
1228,0,67-74,Sysselsatte,2013,100,11,0,9,0,15,6,6,3,0,0,5,3,0,7,26,3,6
1228,0,67-74,Sysselsatte,2014,105,13,0,8,0,16,8,11,3,0,0,5,4,3,7,21,3,3
1228,0,67-74,Sysselsatte,2015,81,7,0,3,0,14,3,11,0,0,0,5,0,4,6,16,3,9
1228,0,67-74,Sysselsatte,2016,94,5,5,7,0,6,0,20,0,0,0,8,0,4,7,23,3,6
1228,0,67-74,Sysselsatte,2017,99,9,0,4,3,9,3,17,6,0,0,9,7,0,4,22,3,3
1228,0,67-74,Sysselsatte,2018,94,7,0,6,0,7,3,17,3,0,0,11,5,3,7,18,3,4
1228,0,67-74,Sysselsatte,2019,115,7,0,9,3,11,6,16,5,0,0,11,7,3,8,23,3,3
4618,0,15-74,Sysselsatte,2008,1837,210,44,206,41,249,177,89,94,14,27,99,35,75,125,287,55,10
4618,0,15-74,Sysselsatte,2009,1813,208,43,204,36,247,156,78,86,15,27,98,38,79,129,300,56,13
4618,0,15-74,Sysselsatte,2010,1827,184,51,184,36,262,170,76,77,17,26,105,41,80,136,316,47,19
4618,0,15-74,Sysselsatte,2011,1799,166,55,185,33,259,167,72,101,13,24,95,43,81,131,310,51,13
4618,0,15-74,Sysselsatte,2012,1745,139,58,178,40,244,166,65,91,13,24,104,45,78,126,312,51,11
4618,0,15-74,Sysselsatte,2013,1734,132,60,178,39,229,153,71,95,14,18,113,42,77,132,318,51,12
4618,0,15-74,Sysselsatte,2014,1766,129,60,181,40,236,153,73,97,11,13,118,47,75,122,350,52,9
4618,0,15-74,Sysselsatte,2015,1707,134,57,174,48,220,138,63,88,15,12,107,47,67,120,358,42,17
4618,0,15-74,Sysselsatte,2016,1665,124,48,159,46,222,149,65,93,15,10,108,36,72,132,324,45,17
4618,0,15-74,Sysselsatte,2017,1687,129,44,163,44,225,149,64,91,16,6,108,40,70,140,334,50,14
4618,0,15-74,Sysselsatte,2018,1683,117,48,171,44,234,136,59,86,12,9,103,46,77,137,329,53,22
4618,0,15-74,Sysselsatte,2019,1691,134,54,151,37,244,142,54,80,12,9,96,45,78,140,345,56,14
4618,0,55-66,Sysselsatte,2008,415,80,5,39,10,42,37,24,9,3,7,13,12,25,34,62,6,7
4618,0,55-66,Sysselsatte,2009,415,72,6,37,13,47,32,23,8,3,8,17,10,23,38,63,8,7
4618,0,55-66,Sysselsatte,2010,400,69,7,29,10,54,26,26,8,3,8,19,8,26,34,63,5,5
4618,0,55-66,Sysselsatte,2011,386,66,9,28,8,55,26,22,7,3,8,18,6,24,32,60,11,3
4618,0,55-66,Sysselsatte,2012,384,55,8,36,10,55,24,18,6,3,8,20,7,19,31,64,12,8
4618,0,55-66,Sysselsatte,2013,374,45,8,35,9,56,26,17,6,3,7,17,4,22,29,72,15,3
4618,0,55-66,Sysselsatte,2014,382,43,9,38,8,54,27,21,8,0,3,16,6,20,23,86,17,3
4618,0,55-66,Sysselsatte,2015,397,47,10,39,6,55,27,21,7,3,3,14,9,20,24,91,17,4
4618,0,55-66,Sysselsatte,2016,379,39,8,41,8,59,27,19,8,3,0,17,4,16,26,84,17,3
4618,0,55-66,Sysselsatte,2017,390,39,8,44,13,54,22,24,7,0,0,18,9,17,30,85,17,3
4618,0,55-66,Sysselsatte,2018,393,31,9,49,8,53,24,24,3,3,3,22,9,14,28,89,16,8
4618,0,55-66,Sysselsatte,2019,400,39,10,48,6,53,26,21,3,3,3,21,12,16,30,88,18,3
4618,0,67-74,Sysselsatte,2008,71,27,0,0,0,5,11,3,6,0,0,3,3,0,0,13,0,0
4618,0,67-74,Sysselsatte,2009,81,29,0,0,0,7,13,4,6,0,0,4,0,0,3,9,3,3
4618,0,67-74,Sysselsatte,2010,73,26,0,0,0,7,11,3,3,0,0,6,0,0,3,11,0,3
4618,0,67-74,Sysselsatte,2011,76,27,0,0,0,7,9,3,3,0,3,3,3,3,3,9,0,3
4618,0,67-74,Sysselsatte,2012,76,31,0,0,3,6,9,3,4,0,0,3,0,0,4,10,3,0
4618,0,67-74,Sysselsatte,2013,99,36,0,3,3,7,6,10,8,0,0,5,3,0,3,9,3,3
4618,0,67-74,Sysselsatte,2014,100,35,0,3,0,14,6,6,9,0,0,9,0,0,3,12,0,3
4618,0,67-74,Sysselsatte,2015,95,32,0,3,0,8,6,7,11,0,0,4,3,0,0,11,0,10
4618,0,67-74,Sysselsatte,2016,101,34,3,3,0,11,3,5,9,0,0,9,0,0,3,7,3,11
4618,0,67-74,Sysselsatte,2017,101,33,0,3,0,14,6,6,9,3,0,3,0,0,3,13,0,8
4618,0,67-74,Sysselsatte,2018,100,22,0,3,0,20,6,4,6,0,0,3,6,3,0,12,4,11
4618,0,67-74,Sysselsatte,2019,102,29,0,4,0,18,7,5,7,0,0,0,0,3,0,16,6,7
